Tiempo	Potencia Disponible	VE1	VE2	VE3	VE4	VE5
2024-10-07 00:00	125599.99999999999	0.69	0.81	0.76	0.72	0.72
2024-10-07 00:15	91549.99999999999	0.71	0.81	0.76	0.74	0.72
2024-10-07 00:30	150550.00000000003	0.73	0.81	0.76	0.76	0.72
2024-10-07 00:45	158675.0	0.76	0.81	0.76	0.78	0.72
2024-10-07 01:00	15500.0	0.78	0.81	0.76	0.8	0.72
2024-10-07 01:15	14287.500000000002	0.8	0.81	0.76	0.82	0.72
2024-10-07 01:30	12025.000000000002	0.82	0.81	0.76	0.84	0.72
2024-10-07 01:45	14882.5	0.84	0.81	0.76	0.86	0.72
2024-10-07 02:00	15992.5	0.87	0.81	0.76	0.88	0.72
2024-10-07 02:15	12465.000000000002	0.89	0.81	0.76	0.9	0.72
2024-10-07 02:30	11340.000000000002	0.91	0.81	0.76	0.92	0.72
2024-10-07 02:45	20655.000000000004	0.93	0.81	0.76	0.94	0.72
2024-10-07 03:00	11755.000000000002	0.95	0.81	0.76	0.96	0.72
2024-10-07 03:15	16610.0	0.98	0.81	0.76	0.98	0.72
2024-10-07 03:30	18147.5	1.0	0.81	0.76	1.0	0.72
2024-10-07 03:45	15560.000000000002	1.0	0.81	0.76	1.0	0.74
2024-10-07 04:00	13300.000000000002	1.0	0.83	0.76	1.0	0.77
2024-10-07 04:15	13430.000000000002	1.0	0.86	0.76	1.0	0.79
2024-10-07 04:30	17255.0	1.0	0.86	0.78	1.0	0.81
2024-10-07 04:45	14287.500000000002	1.0	0.88	0.78	1.0	0.83
2024-10-07 05:00	11859.999999999998	1.0	0.88	0.81	1.0	0.85
2024-10-07 05:15	15922.500000000002	1.0	0.9	0.81	1.0	0.87
2024-10-07 05:30	18350.0	1.0	0.93	0.83	1.0	0.87
2024-10-07 05:45	16732.5	1.0	0.93	0.86	1.0	0.89
2024-10-07 06:00	16840.0	1.0	0.95	0.86	1.0	0.91
2024-10-07 06:15	19725.0	1.0	0.95	0.88	1.0	0.93
2024-10-07 06:30	13217.5	1.0	0.98	0.9	1.0	0.93
2024-10-07 06:45	21870.0	1.0	1.0	0.9	1.0	0.95
2024-10-07 07:00	19105.0	1.0	1.0	0.93	1.0	0.98
2024-10-07 07:15	16490.0	1.0	1.0	0.95	1.0	0.98
2024-10-07 07:30	15642.5	1.0	1.0	0.97	1.0	1.0
2024-10-07 07:45	14212.500000000002	1.0	1.0	1.0	1.0	1.0
2024-10-07 08:00	15535.0	1.0	0.97	1.0	1.0	0.98
2024-10-07 08:15	161024.99999999997	1.0	0.95	1.0	1.0	0.95
2024-10-07 08:30	188725.0	1.0	0.92	1.0	1.0	0.93
2024-10-07 08:45	108499.99999999999	1.0	0.9	1.0	0.98	0.9
2024-10-07 09:00	166075.0	1.0	0.92	1.0	0.96	0.92
2024-10-07 09:15	171100.0	0.97	0.9	1.0	0.94	0.94
2024-10-07 09:30	187175.0	0.94	0.87	1.0	0.91	0.96
2024-10-07 09:45	170025.0	0.91	0.85	1.0	0.89	0.98
2024-10-07 10:00	158949.99999999997	0.88	0.87	1.0	0.87	1.0
2024-10-07 10:15	184350.0	0.85	0.89	1.0	0.87	1.0
2024-10-07 10:30	112350.0	0.81	0.92	0.97	0.87	1.0
2024-10-07 10:45	141000.0	0.78	0.94	0.93	0.87	0.98
2024-10-07 11:00	177300.0	0.75	0.97	0.95	0.87	0.95
2024-10-07 11:15	158600.0	0.72	0.99	0.98	0.87	0.93
2024-10-07 11:30	161625.0	0.69	1.0	0.98	0.85	0.95
2024-10-07 11:45	174549.99999999997	0.66	1.0	1.0	0.83	0.97
2024-10-07 12:00	127225.0	0.68	1.0	1.0	0.81	0.99
2024-10-07 12:15	111024.99999999999	0.7	1.0	1.0	0.78	1.0
2024-10-07 12:30	160225.0	0.73	1.0	1.0	0.76	1.0
2024-10-07 12:45	130000.0	0.69	1.0	1.0	0.74	1.0
2024-10-07 13:00	161075.0	0.66	1.0	1.0	0.76	1.0
2024-10-07 13:15	138350.00000000003	0.63	1.0	1.0	0.78	1.0
2024-10-07 13:30	125850.00000000001	0.6	1.0	1.0	0.8	1.0
2024-10-07 13:45	165125.0	0.57	1.0	1.0	0.82	0.98
2024-10-07 14:00	167974.99999999997	0.54	1.0	0.97	0.84	0.95
2024-10-07 14:15	149000.00000000003	0.54	0.97	0.93	0.82	0.93
2024-10-07 14:30	78199.99999999999	0.54	0.95	0.9	0.8	0.9
2024-10-07 14:45	188650.0	0.54	0.92	0.92	0.78	0.88
2024-10-07 15:00	188300.0	0.54	0.9	0.88	0.76	0.85
2024-10-07 15:15	129425.00000000001	0.54	0.87	0.85	0.74	0.83
2024-10-07 15:30	177800.0	0.51	0.85	0.81	0.71	0.8
2024-10-07 15:45	126750.0	0.48	0.85	0.78	0.71	0.78
2024-10-07 16:00	170300.0	0.45	0.85	0.74	0.71	0.75
2024-10-07 16:15	196850.0	0.42	0.85	0.71	0.69	0.73
2024-10-07 16:30	174525.0	0.39	0.85	0.67	0.67	0.7
2024-10-07 16:45	181425.0	0.35	0.85	0.64	0.65	0.72
2024-10-07 17:00	109550.00000000001	0.38	0.85	0.66	0.63	0.72
2024-10-07 17:15	170375.0	0.4	0.85	0.69	0.61	0.72
2024-10-07 17:30	156750.0	0.42	0.85	0.69	0.59	0.74
2024-10-07 17:45	166725.0	0.39	0.85	0.71	0.61	0.74
2024-10-07 18:00	129224.99999999999	0.36	0.85	0.71	0.63	0.77
2024-10-07 18:15	136500.0	0.33	0.85	0.73	0.61	0.79
2024-10-07 18:30	182200.0	0.3	0.85	0.76	0.58	0.81
2024-10-07 18:45	137175.0	0.32	0.85	0.78	0.56	0.81
2024-10-07 19:00	125775.00000000003	0.34	0.85	0.78	0.54	0.83
2024-10-07 19:15	110950.0	0.36	0.85	0.78	0.52	0.85
2024-10-07 19:30	123775.0	0.38	0.85	0.81	0.5	0.85
2024-10-07 19:45	152850.0	0.41	0.82	0.81	0.48	0.87
2024-10-07 20:00	153399.99999999997	0.43	0.8	0.83	0.45	0.87
2024-10-07 20:15	136950.00000000003	0.45	0.77	0.83	0.43	0.89
2024-10-07 20:30	162925.0	0.47	0.75	0.85	0.41	0.89
2024-10-07 20:45	149975.00000000003	0.49	0.72	0.85	0.43	0.89
2024-10-07 21:00	108800.00000000001	0.52	0.7	0.85	0.45	0.89
2024-10-07 21:15	183200.0	0.54	0.7	0.85	0.47	0.89
2024-10-07 21:30	116600.00000000001	0.56	0.7	0.85	0.49	0.89
2024-10-07 21:45	156950.0	0.58	0.7	0.85	0.51	0.89
2024-10-07 22:00	114550.00000000001	0.6	0.7	0.85	0.53	0.89
2024-10-07 22:15	141025.0	0.63	0.7	0.85	0.55	0.89
2024-10-07 22:30	217725.0	0.65	0.7	0.85	0.57	0.89
2024-10-07 22:45	189149.99999999997	0.67	0.7	0.85	0.6	0.89
2024-10-07 23:00	208800.0	0.69	0.7	0.85	0.62	0.89
2024-10-07 23:15	144200.0	0.71	0.7	0.85	0.64	0.89
2024-10-07 23:30	213650.0	0.74	0.7	0.85	0.66	0.89
2024-10-07 23:45	191600.0	0.76	0.7	0.85	0.68	0.89
2024-10-08 00:00	99399.99999999999	0.78	0.7	0.85	0.7	0.89
2024-10-08 00:15	91549.99999999999	0.8	0.7	0.85	0.72	0.89
2024-10-08 00:30	150550.00000000003	0.82	0.7	0.85	0.74	0.89
2024-10-08 00:45	158675.0	0.85	0.7	0.85	0.76	0.89
2024-10-08 01:00	15500.0	0.87	0.7	0.85	0.78	0.89
2024-10-08 01:15	14287.500000000002	0.89	0.7	0.85	0.8	0.89
2024-10-08 01:30	12025.000000000002	0.91	0.7	0.85	0.82	0.89
2024-10-08 01:45	14882.5	0.93	0.7	0.85	0.84	0.89
2024-10-08 02:00	15992.5	0.96	0.7	0.85	0.86	0.89
2024-10-08 02:15	12465.000000000002	0.98	0.7	0.85	0.88	0.89
2024-10-08 02:30	11340.000000000002	1.0	0.7	0.85	0.9	0.89
2024-10-08 02:45	20655.000000000004	1.0	0.7	0.85	0.92	0.89
2024-10-08 03:00	11755.000000000002	1.0	0.72	0.85	0.94	0.89
2024-10-08 03:15	16610.0	1.0	0.74	0.85	0.96	0.89
2024-10-08 03:30	18147.5	1.0	0.77	0.85	0.98	0.89
2024-10-08 03:45	15560.000000000002	1.0	0.79	0.85	1.0	0.89
2024-10-08 04:00	13300.000000000002	1.0	0.82	0.85	1.0	0.91
2024-10-08 04:15	13430.000000000002	1.0	0.84	0.88	1.0	0.91
2024-10-08 04:30	17255.0	1.0	0.86	0.88	1.0	0.93
2024-10-08 04:45	14287.500000000002	1.0	0.89	0.9	1.0	0.93
2024-10-08 05:00	11859.999999999998	1.0	0.91	0.9	1.0	0.95
2024-10-08 05:15	15922.500000000002	1.0	0.94	0.92	1.0	0.95
2024-10-08 05:30	18350.0	1.0	0.96	0.92	1.0	0.97
2024-10-08 05:45	16732.5	1.0	0.98	0.95	1.0	0.97
2024-10-08 06:00	16840.0	1.0	1.0	0.95	1.0	1.0
2024-10-08 06:15	19725.0	1.0	1.0	0.97	1.0	1.0
2024-10-08 06:30	13217.5	1.0	1.0	1.0	1.0	1.0
2024-10-08 06:45	21870.0	1.0	1.0	1.0	1.0	1.0
2024-10-08 07:00	19105.0	1.0	1.0	1.0	1.0	1.0
2024-10-08 07:15	16490.0	1.0	1.0	1.0	1.0	1.0
2024-10-08 07:30	15642.5	1.0	1.0	1.0	1.0	1.0
2024-10-08 07:45	14212.500000000002	1.0	1.0	1.0	1.0	1.0
2024-10-08 08:00	15535.0	1.0	0.97	1.0	1.0	0.98
2024-10-08 08:15	161024.99999999997	1.0	0.95	1.0	1.0	0.95
2024-10-08 08:30	188725.0	1.0	0.92	1.0	1.0	0.93
2024-10-08 08:45	108499.99999999999	1.0	0.9	1.0	0.98	0.9
2024-10-08 09:00	166075.0	1.0	0.92	1.0	0.96	0.92
2024-10-08 09:15	171100.0	0.97	0.9	1.0	0.94	0.94
2024-10-08 09:30	187175.0	0.94	0.87	1.0	0.91	0.96
2024-10-08 09:45	170025.0	0.91	0.85	1.0	0.89	0.98
2024-10-08 10:00	158949.99999999997	0.88	0.87	1.0	0.87	1.0
2024-10-08 10:15	184350.0	0.85	0.89	1.0	0.85	1.0
2024-10-08 10:30	112350.0	0.81	0.92	0.97	0.83	1.0
2024-10-08 10:45	141000.0	0.78	0.94	0.93	0.81	0.98
2024-10-08 11:00	177300.0	0.75	0.97	0.95	0.78	0.95
2024-10-08 11:15	158600.0	0.72	0.99	0.98	0.76	0.93
2024-10-08 11:30	161625.0	0.69	1.0	0.98	0.74	0.95
2024-10-08 11:45	174549.99999999997	0.66	1.0	1.0	0.72	0.97
2024-10-08 12:00	127225.0	0.68	1.0	1.0	0.7	0.99
2024-10-08 12:15	111024.99999999999	0.7	1.0	1.0	0.68	1.0
2024-10-08 12:30	160225.0	0.73	1.0	1.0	0.66	1.0
2024-10-08 12:45	130000.0	0.69	1.0	1.0	0.63	1.0
2024-10-08 13:00	161075.0	0.66	1.0	1.0	0.65	1.0
2024-10-08 13:15	138350.00000000003	0.63	1.0	1.0	0.68	1.0
2024-10-08 13:30	125850.00000000001	0.6	1.0	1.0	0.7	1.0
2024-10-08 13:45	165125.0	0.57	1.0	1.0	0.72	0.98
2024-10-08 14:00	167974.99999999997	0.54	1.0	0.97	0.74	0.95
2024-10-08 14:15	149000.00000000003	0.51	0.97	0.93	0.71	0.93
2024-10-08 14:30	78199.99999999999	0.48	0.95	0.9	0.69	0.9
2024-10-08 14:45	188650.0	0.45	0.92	0.92	0.67	0.88
2024-10-08 15:00	188300.0	0.42	0.9	0.88	0.65	0.85
2024-10-08 15:15	129425.00000000001	0.39	0.87	0.85	0.63	0.83
2024-10-08 15:30	177800.0	0.35	0.85	0.81	0.61	0.8
2024-10-08 15:45	126750.0	0.32	0.82	0.78	0.59	0.78
2024-10-08 16:00	170300.0	0.29	0.8	0.74	0.56	0.75
2024-10-08 16:15	196850.0	0.26	0.77	0.71	0.54	0.73
2024-10-08 16:30	174525.0	0.23	0.75	0.67	0.52	0.7
2024-10-08 16:45	181425.0	0.2	0.72	0.64	0.5	0.72
2024-10-08 17:00	109550.00000000001	0.22	0.7	0.66	0.48	0.72
2024-10-08 17:15	170375.0	0.24	0.67	0.69	0.46	0.72
2024-10-08 17:30	156750.0	0.27	0.65	0.69	0.44	0.74
2024-10-08 17:45	166725.0	0.23	0.62	0.71	0.46	0.74
2024-10-08 18:00	129224.99999999999	0.2	0.6	0.71	0.48	0.77
2024-10-08 18:15	136500.0	0.17	0.57	0.73	0.45	0.79
2024-10-08 18:30	182200.0	0.14	0.54	0.76	0.43	0.81
2024-10-08 18:45	137175.0	0.16	0.52	0.78	0.41	0.81
2024-10-08 19:00	125775.00000000003	0.19	0.49	0.78	0.39	0.83
2024-10-08 19:15	110950.0	0.21	0.47	0.78	0.37	0.85
2024-10-08 19:30	123775.0	0.23	0.44	0.81	0.35	0.85
2024-10-08 19:45	152850.0	0.25	0.42	0.81	0.33	0.87
2024-10-08 20:00	153399.99999999997	0.27	0.39	0.83	0.3	0.87
2024-10-08 20:15	136950.00000000003	0.3	0.37	0.83	0.28	0.89
2024-10-08 20:30	162925.0	0.32	0.34	0.85	0.26	0.89
2024-10-08 20:45	149975.00000000003	0.34	0.32	0.85	0.28	0.89
2024-10-08 21:00	108800.00000000001	0.36	0.29	0.85	0.3	0.89
2024-10-08 21:15	183200.0	0.38	0.29	0.85	0.32	0.89
2024-10-08 21:30	116600.00000000001	0.41	0.29	0.85	0.34	0.89
2024-10-08 21:45	156950.0	0.43	0.29	0.85	0.36	0.89
2024-10-08 22:00	114550.00000000001	0.45	0.29	0.85	0.38	0.89
2024-10-08 22:15	141025.0	0.47	0.29	0.85	0.4	0.89
2024-10-08 22:30	217725.0	0.49	0.29	0.85	0.42	0.89
2024-10-08 22:45	189149.99999999997	0.52	0.29	0.85	0.44	0.89
2024-10-08 23:00	208800.0	0.54	0.29	0.85	0.47	0.89
2024-10-08 23:15	144200.0	0.56	0.29	0.85	0.49	0.89
2024-10-08 23:30	213650.0	0.58	0.29	0.85	0.51	0.89
2024-10-08 23:45	191600.0	0.6	0.29	0.85	0.53	0.89
2024-10-09 00:00	99399.99999999999	0.63	0.29	0.85	0.55	0.89
2024-10-09 00:15	91549.99999999999	0.65	0.29	0.85	0.57	0.89
2024-10-09 00:30	150550.00000000003	0.65	0.32	0.85	0.59	0.89
2024-10-09 00:45	158675.0	0.67	0.32	0.85	0.61	0.89
2024-10-09 01:00	15500.0	0.69	0.34	0.85	0.61	0.89
2024-10-09 01:15	14287.500000000002	0.69	0.36	0.85	0.63	0.89
2024-10-09 01:30	12025.000000000002	0.71	0.36	0.85	0.65	0.89
2024-10-09 01:45	14882.5	0.71	0.39	0.85	0.67	0.89
2024-10-09 02:00	15992.5	0.74	0.41	0.85	0.67	0.89
2024-10-09 02:15	12465.000000000002	0.76	0.41	0.85	0.69	0.89
2024-10-09 02:30	11340.000000000002	0.76	0.44	0.85	0.71	0.89
2024-10-09 02:45	20655.000000000004	0.78	0.44	0.85	0.73	0.89
2024-10-09 03:00	11755.000000000002	0.8	0.46	0.85	0.73	0.89
2024-10-09 03:15	16610.0	0.82	0.46	0.85	0.75	0.89
2024-10-09 03:30	18147.5	0.82	0.48	0.85	0.77	0.89
2024-10-09 03:45	15560.000000000002	0.85	0.51	0.85	0.77	0.89
2024-10-09 04:00	13300.000000000002	0.87	0.51	0.85	0.79	0.89
2024-10-09 04:15	13430.000000000002	0.87	0.53	0.85	0.81	0.89
2024-10-09 04:30	17255.0	0.89	0.56	0.85	0.81	0.89
2024-10-09 04:45	14287.500000000002	0.91	0.56	0.85	0.83	0.89
2024-10-09 05:00	11859.999999999998	0.91	0.58	0.85	0.85	0.89
2024-10-09 05:15	15922.500000000002	0.93	0.58	0.85	0.87	0.89
2024-10-09 05:30	18350.0	0.96	0.6	0.85	0.87	0.89
2024-10-09 05:45	16732.5	0.96	0.63	0.85	0.89	0.89
2024-10-09 06:00	16840.0	0.98	0.63	0.85	0.91	0.89
2024-10-09 06:15	19725.0	1.0	0.65	0.85	0.91	0.89
2024-10-09 06:30	13217.5	1.0	0.68	0.85	0.93	0.89
2024-10-09 06:45	21870.0	1.0	0.68	0.85	0.95	0.89
2024-10-09 07:00	19105.0	1.0	0.7	0.85	0.98	0.89
2024-10-09 07:15	16490.0	1.0	0.72	0.85	1.0	0.89
2024-10-09 07:30	15642.5	1.0	0.75	0.85	1.0	0.89
2024-10-09 07:45	14212.500000000002	1.0	0.77	0.85	1.0	0.91
2024-10-09 08:00	15535.0	1.0	0.75	0.88	1.0	0.89
2024-10-09 08:15	161024.99999999997	1.0	0.72	0.9	1.0	0.86
2024-10-09 08:30	188725.0	1.0	0.7	0.92	1.0	0.84
2024-10-09 08:45	108499.99999999999	1.0	0.67	0.95	0.98	0.81
2024-10-09 09:00	166075.0	1.0	0.69	0.95	0.96	0.83
2024-10-09 09:15	171100.0	0.97	0.67	0.97	0.94	0.85
2024-10-09 09:30	187175.0	0.94	0.64	1.0	0.91	0.88
2024-10-09 09:45	170025.0	0.91	0.62	1.0	0.89	0.9
2024-10-09 10:00	158949.99999999997	0.88	0.64	1.0	0.87	0.92
2024-10-09 10:15	184350.0	0.85	0.67	1.0	0.85	0.94
2024-10-09 10:30	112350.0	0.81	0.69	0.97	0.83	0.96
2024-10-09 10:45	141000.0	0.78	0.71	0.93	0.81	0.93
2024-10-09 11:00	177300.0	0.75	0.74	0.95	0.78	0.91
2024-10-09 11:15	158600.0	0.72	0.76	0.98	0.76	0.89
2024-10-09 11:30	161625.0	0.69	0.79	0.98	0.74	0.91
2024-10-09 11:45	174549.99999999997	0.66	0.81	0.98	0.72	0.93
2024-10-09 12:00	127225.0	0.68	0.83	0.98	0.7	0.93
2024-10-09 12:15	111024.99999999999	0.7	0.86	0.98	0.68	0.93
2024-10-09 12:30	160225.0	0.73	0.88	0.98	0.66	0.93
2024-10-09 12:45	130000.0	0.69	0.91	0.98	0.63	0.95
2024-10-09 13:00	161075.0	0.66	0.93	0.98	0.65	0.95
2024-10-09 13:15	138350.00000000003	0.63	0.95	0.98	0.68	0.95
2024-10-09 13:30	125850.00000000001	0.6	0.98	0.98	0.7	0.95
2024-10-09 13:45	165125.0	0.57	1.0	0.98	0.72	0.92
2024-10-09 14:00	167974.99999999997	0.54	1.0	0.94	0.74	0.9
2024-10-09 14:15	149000.00000000003	0.51	0.97	0.91	0.71	0.87
2024-10-09 14:30	78199.99999999999	0.48	0.95	0.87	0.69	0.85
2024-10-09 14:45	188650.0	0.45	0.92	0.9	0.67	0.82
2024-10-09 15:00	188300.0	0.42	0.9	0.86	0.65	0.8
2024-10-09 15:15	129425.00000000001	0.39	0.87	0.83	0.63	0.77
2024-10-09 15:30	177800.0	0.35	0.85	0.79	0.61	0.75
2024-10-09 15:45	126750.0	0.32	0.82	0.76	0.59	0.72
2024-10-09 16:00	170300.0	0.29	0.8	0.72	0.56	0.7
2024-10-09 16:15	196850.0	0.26	0.77	0.69	0.54	0.68
2024-10-09 16:30	174525.0	0.23	0.75	0.65	0.52	0.65
2024-10-09 16:45	181425.0	0.2	0.72	0.62	0.5	0.67
2024-10-09 17:00	109550.00000000001	0.22	0.7	0.64	0.48	0.67
2024-10-09 17:15	170375.0	0.24	0.67	0.64	0.46	0.69
2024-10-09 17:30	156750.0	0.27	0.65	0.66	0.44	0.69
2024-10-09 17:45	166725.0	0.23	0.62	0.66	0.46	0.71
2024-10-09 18:00	129224.99999999999	0.2	0.6	0.69	0.48	0.71
2024-10-09 18:15	136500.0	0.17	0.57	0.71	0.45	0.73
2024-10-09 18:30	182200.0	0.14	0.54	0.74	0.43	0.76
2024-10-09 18:45	137175.0	0.16	0.52	0.74	0.41	0.78
2024-10-09 19:00	125775.00000000003	0.19	0.49	0.74	0.39	0.8
2024-10-09 19:15	110950.0	0.21	0.47	0.76	0.37	0.8
2024-10-09 19:30	123775.0	0.23	0.44	0.76	0.35	0.82
2024-10-09 19:45	152850.0	0.25	0.42	0.78	0.33	0.82
2024-10-09 20:00	153399.99999999997	0.27	0.39	0.78	0.3	0.84
2024-10-09 20:15	136950.00000000003	0.3	0.37	0.81	0.28	0.84
2024-10-09 20:30	162925.0	0.32	0.34	0.81	0.26	0.86
2024-10-09 20:45	149975.00000000003	0.34	0.32	0.81	0.28	0.86
2024-10-09 21:00	108800.00000000001	0.36	0.29	0.81	0.3	0.86
2024-10-09 21:15	183200.0	0.38	0.29	0.81	0.32	0.86
2024-10-09 21:30	116600.00000000001	0.41	0.29	0.81	0.34	0.86
2024-10-09 21:45	156950.0	0.43	0.29	0.81	0.36	0.86
2024-10-09 22:00	114550.00000000001	0.45	0.29	0.81	0.38	0.86
2024-10-09 22:15	141025.0	0.47	0.29	0.81	0.4	0.86
2024-10-09 22:30	217725.0	0.49	0.29	0.81	0.42	0.86
2024-10-09 22:45	189149.99999999997	0.52	0.29	0.81	0.44	0.86
2024-10-09 23:00	208800.0	0.54	0.29	0.81	0.47	0.86
2024-10-09 23:15	144200.0	0.56	0.29	0.81	0.49	0.86
2024-10-09 23:30	213650.0	0.58	0.29	0.81	0.51	0.86
2024-10-09 23:45	191600.0	0.6	0.29	0.81	0.53	0.86
2024-10-10 00:00	99399.99999999999	0.63	0.29	0.81	0.55	0.86
2024-10-10 00:15	91549.99999999999	0.65	0.29	0.81	0.57	0.86
2024-10-10 00:30	150550.00000000003	0.65	0.32	0.81	0.59	0.86
2024-10-10 00:45	158675.0	0.67	0.32	0.81	0.61	0.86
2024-10-10 01:00	15500.0	0.69	0.34	0.81	0.61	0.86
2024-10-10 01:15	14287.500000000002	0.69	0.36	0.81	0.63	0.86
2024-10-10 01:30	12025.000000000002	0.71	0.36	0.81	0.65	0.86
2024-10-10 01:45	14882.5	0.71	0.39	0.81	0.67	0.86
2024-10-10 02:00	15992.5	0.74	0.41	0.81	0.67	0.86
2024-10-10 02:15	12465.000000000002	0.76	0.41	0.81	0.69	0.86
2024-10-10 02:30	11340.000000000002	0.76	0.44	0.81	0.71	0.86
2024-10-10 02:45	20655.000000000004	0.78	0.44	0.81	0.73	0.86
2024-10-10 03:00	11755.000000000002	0.8	0.46	0.81	0.73	0.86
2024-10-10 03:15	16610.0	0.82	0.46	0.81	0.75	0.86
2024-10-10 03:30	18147.5	0.82	0.48	0.81	0.77	0.86
2024-10-10 03:45	15560.000000000002	0.85	0.51	0.81	0.77	0.86
2024-10-10 04:00	13300.000000000002	0.87	0.51	0.81	0.79	0.86
2024-10-10 04:15	13430.000000000002	0.87	0.53	0.81	0.81	0.86
2024-10-10 04:30	17255.0	0.89	0.56	0.81	0.81	0.86
2024-10-10 04:45	14287.500000000002	0.91	0.56	0.81	0.83	0.86
2024-10-10 05:00	11859.999999999998	0.91	0.58	0.81	0.85	0.86
2024-10-10 05:15	15922.500000000002	0.93	0.58	0.81	0.87	0.86
2024-10-10 05:30	18350.0	0.96	0.6	0.81	0.87	0.86
2024-10-10 05:45	16732.5	0.96	0.63	0.81	0.89	0.86
2024-10-10 06:00	16840.0	0.98	0.63	0.81	0.91	0.86
2024-10-10 06:15	19725.0	1.0	0.65	0.81	0.91	0.86
2024-10-10 06:30	13217.5	1.0	0.68	0.81	0.93	0.86
2024-10-10 06:45	21870.0	1.0	0.68	0.81	0.95	0.86
2024-10-10 07:00	19105.0	1.0	0.7	0.81	0.98	0.86
2024-10-10 07:15	16490.0	1.0	0.72	0.81	1.0	0.86
2024-10-10 07:30	15642.5	1.0	0.75	0.81	1.0	0.86
2024-10-10 07:45	14212.500000000002	1.0	0.77	0.83	1.0	0.86
2024-10-10 08:00	15535.0	1.0	0.75	0.85	1.0	0.84
2024-10-10 08:15	161024.99999999997	1.0	0.72	0.88	1.0	0.81
2024-10-10 08:30	188725.0	1.0	0.7	0.9	1.0	0.79
2024-10-10 08:45	108499.99999999999	1.0	0.67	0.93	0.98	0.76
2024-10-10 09:00	166075.0	1.0	0.69	0.93	0.96	0.78
2024-10-10 09:15	171100.0	0.97	0.67	0.95	0.94	0.8
2024-10-10 09:30	187175.0	0.94	0.64	0.97	0.91	0.82
2024-10-10 09:45	170025.0	0.91	0.62	1.0	0.89	0.84
2024-10-10 10:00	158949.99999999997	0.88	0.64	1.0	0.87	0.87
2024-10-10 10:15	184350.0	0.85	0.67	1.0	0.85	0.89
2024-10-10 10:30	112350.0	0.81	0.69	0.96	0.83	0.91
2024-10-10 10:45	141000.0	0.78	0.71	0.93	0.81	0.88
2024-10-10 11:00	177300.0	0.75	0.74	0.95	0.78	0.86
2024-10-10 11:15	158600.0	0.72	0.76	0.97	0.76	0.83
2024-10-10 11:30	161625.0	0.69	0.79	0.97	0.74	0.85
2024-10-10 11:45	174549.99999999997	0.66	0.81	0.97	0.72	0.88
2024-10-10 12:00	127225.0	0.68	0.83	0.97	0.7	0.88
2024-10-10 12:15	111024.99999999999	0.7	0.86	0.97	0.68	0.88
2024-10-10 12:30	160225.0	0.73	0.88	0.97	0.66	0.88
2024-10-10 12:45	130000.0	0.69	0.91	0.97	0.63	0.9
2024-10-10 13:00	161075.0	0.66	0.93	0.97	0.65	0.9
2024-10-10 13:15	138350.00000000003	0.63	0.93	0.97	0.68	0.92
2024-10-10 13:30	125850.00000000001	0.6	0.95	0.97	0.7	0.92
2024-10-10 13:45	165125.0	0.57	0.98	0.97	0.72	0.89
2024-10-10 14:00	167974.99999999997	0.54	1.0	0.94	0.74	0.87
2024-10-10 14:15	149000.00000000003	0.51	0.97	0.9	0.71	0.84
2024-10-10 14:30	78199.99999999999	0.48	0.95	0.87	0.69	0.82
2024-10-10 14:45	188650.0	0.45	0.92	0.89	0.67	0.79
2024-10-10 15:00	188300.0	0.42	0.9	0.86	0.65	0.77
2024-10-10 15:15	129425.00000000001	0.39	0.87	0.82	0.63	0.74
2024-10-10 15:30	177800.0	0.35	0.85	0.79	0.61	0.72
2024-10-10 15:45	126750.0	0.32	0.82	0.75	0.59	0.69
2024-10-10 16:00	170300.0	0.29	0.8	0.72	0.56	0.67
2024-10-10 16:15	196850.0	0.26	0.77	0.68	0.54	0.64
2024-10-10 16:30	174525.0	0.23	0.75	0.65	0.52	0.62
2024-10-10 16:45	181425.0	0.2	0.72	0.61	0.5	0.64
2024-10-10 17:00	109550.00000000001	0.22	0.7	0.61	0.48	0.66
2024-10-10 17:15	170375.0	0.24	0.67	0.61	0.46	0.68
2024-10-10 17:30	156750.0	0.27	0.65	0.64	0.44	0.68
2024-10-10 17:45	166725.0	0.23	0.62	0.64	0.46	0.7
2024-10-10 18:00	129224.99999999999	0.2	0.6	0.66	0.48	0.7
2024-10-10 18:15	136500.0	0.17	0.57	0.69	0.45	0.72
2024-10-10 18:30	182200.0	0.14	0.54	0.71	0.43	0.75
2024-10-10 18:45	137175.0	0.16	0.52	0.71	0.41	0.77
2024-10-10 19:00	125775.00000000003	0.19	0.49	0.73	0.39	0.77
2024-10-10 19:15	110950.0	0.21	0.47	0.73	0.37	0.79
2024-10-10 19:30	123775.0	0.23	0.44	0.76	0.35	0.79
2024-10-10 19:45	152850.0	0.25	0.42	0.76	0.33	0.81
2024-10-10 20:00	153399.99999999997	0.27	0.39	0.78	0.3	0.81
2024-10-10 20:15	136950.00000000003	0.3	0.37	0.78	0.28	0.83
2024-10-10 20:30	162925.0	0.32	0.34	0.8	0.26	0.83
2024-10-10 20:45	149975.00000000003	0.34	0.32	0.8	0.28	0.83
2024-10-10 21:00	108800.00000000001	0.36	0.29	0.8	0.3	0.83
2024-10-10 21:15	183200.0	0.38	0.29	0.8	0.32	0.83
2024-10-10 21:30	116600.00000000001	0.41	0.29	0.8	0.34	0.83
2024-10-10 21:45	156950.0	0.43	0.29	0.8	0.36	0.83
2024-10-10 22:00	114550.00000000001	0.45	0.29	0.8	0.38	0.83
2024-10-10 22:15	141025.0	0.47	0.29	0.8	0.4	0.83
2024-10-10 22:30	217725.0	0.49	0.29	0.8	0.42	0.83
2024-10-10 22:45	189149.99999999997	0.52	0.29	0.8	0.44	0.83
2024-10-10 23:00	208800.0	0.54	0.29	0.8	0.47	0.83
2024-10-10 23:15	144200.0	0.56	0.29	0.8	0.49	0.83
2024-10-10 23:30	213650.0	0.58	0.29	0.8	0.51	0.83
2024-10-10 23:45	191600.0	0.6	0.29	0.8	0.53	0.83
2024-10-11 00:00	99399.99999999999	0.63	0.29	0.8	0.55	0.83
2024-10-11 00:15	91549.99999999999	0.65	0.29	0.8	0.57	0.83
2024-10-11 00:30	150550.00000000003	0.65	0.32	0.8	0.59	0.83
2024-10-11 00:45	158675.0	0.67	0.32	0.8	0.61	0.83
2024-10-11 01:00	15500.0	0.69	0.34	0.8	0.61	0.83
2024-10-11 01:15	14287.500000000002	0.69	0.36	0.8	0.63	0.83
2024-10-11 01:30	12025.000000000002	0.71	0.36	0.8	0.65	0.83
2024-10-11 01:45	14882.5	0.71	0.39	0.8	0.67	0.83
2024-10-11 02:00	15992.5	0.74	0.41	0.8	0.67	0.83
2024-10-11 02:15	12465.000000000002	0.76	0.41	0.8	0.69	0.83
2024-10-11 02:30	11340.000000000002	0.76	0.44	0.8	0.71	0.83
2024-10-11 02:45	20655.000000000004	0.78	0.44	0.8	0.73	0.83
2024-10-11 03:00	11755.000000000002	0.8	0.46	0.8	0.73	0.83
2024-10-11 03:15	16610.0	0.82	0.46	0.8	0.75	0.83
2024-10-11 03:30	18147.5	0.82	0.48	0.8	0.77	0.83
2024-10-11 03:45	15560.000000000002	0.85	0.51	0.8	0.77	0.83
2024-10-11 04:00	13300.000000000002	0.87	0.51	0.8	0.79	0.83
2024-10-11 04:15	13430.000000000002	0.87	0.53	0.8	0.81	0.83
2024-10-11 04:30	17255.0	0.89	0.56	0.8	0.81	0.83
2024-10-11 04:45	14287.500000000002	0.91	0.56	0.8	0.83	0.83
2024-10-11 05:00	11859.999999999998	0.91	0.58	0.8	0.85	0.83
2024-10-11 05:15	15922.500000000002	0.93	0.58	0.8	0.87	0.83
2024-10-11 05:30	18350.0	0.96	0.6	0.8	0.87	0.83
2024-10-11 05:45	16732.5	0.96	0.63	0.8	0.89	0.83
2024-10-11 06:00	16840.0	0.98	0.63	0.8	0.91	0.83
2024-10-11 06:15	19725.0	1.0	0.65	0.8	0.91	0.83
2024-10-11 06:30	13217.5	1.0	0.68	0.8	0.93	0.83
2024-10-11 06:45	21870.0	1.0	0.68	0.8	0.95	0.83
2024-10-11 07:00	19105.0	1.0	0.7	0.8	0.98	0.83
2024-10-11 07:15	16490.0	1.0	0.72	0.8	1.0	0.83
2024-10-11 07:30	15642.5	1.0	0.75	0.8	1.0	0.83
2024-10-11 07:45	14212.500000000002	1.0	0.77	0.8	1.0	0.85
2024-10-11 08:00	15535.0	1.0	0.75	0.83	1.0	0.83
2024-10-11 08:15	161024.99999999997	1.0	0.72	0.85	1.0	0.8
2024-10-11 08:30	188725.0	1.0	0.7	0.88	1.0	0.78
2024-10-11 08:45	108499.99999999999	1.0	0.67	0.9	0.98	0.75
2024-10-11 09:00	166075.0	1.0	0.69	0.9	0.96	0.77
2024-10-11 09:15	171100.0	0.97	0.67	0.92	0.94	0.79
2024-10-11 09:30	187175.0	0.94	0.64	0.95	0.91	0.81
2024-10-11 09:45	170025.0	0.91	0.62	0.97	0.89	0.83
2024-10-11 10:00	158949.99999999997	0.88	0.64	0.97	0.87	0.86
2024-10-11 10:15	184350.0	0.85	0.67	0.97	0.85	0.88
2024-10-11 10:30	112350.0	0.81	0.69	0.93	0.83	0.9
2024-10-11 10:45	141000.0	0.78	0.71	0.9	0.81	0.87
2024-10-11 11:00	177300.0	0.75	0.74	0.92	0.78	0.85
2024-10-11 11:15	158600.0	0.72	0.76	0.95	0.76	0.82
2024-10-11 11:30	161625.0	0.69	0.79	0.95	0.74	0.84
2024-10-11 11:45	174549.99999999997	0.66	0.81	0.95	0.72	0.86
2024-10-11 12:00	127225.0	0.68	0.83	0.95	0.7	0.86
2024-10-11 12:15	111024.99999999999	0.7	0.86	0.95	0.68	0.86
2024-10-11 12:30	160225.0	0.73	0.88	0.95	0.66	0.86
2024-10-11 12:45	130000.0	0.69	0.91	0.95	0.63	0.89
2024-10-11 13:00	161075.0	0.66	0.93	0.95	0.65	0.89
2024-10-11 13:15	138350.00000000003	0.63	0.93	0.95	0.68	0.91
2024-10-11 13:30	125850.00000000001	0.6	0.95	0.95	0.7	0.91
2024-10-11 13:45	165125.0	0.57	0.98	0.95	0.72	0.88
2024-10-11 14:00	167974.99999999997	0.54	1.0	0.91	0.74	0.86
2024-10-11 14:15	149000.00000000003	0.51	0.97	0.88	0.71	0.83
2024-10-11 14:30	78199.99999999999	0.48	0.95	0.84	0.69	0.81
2024-10-11 14:45	188650.0	0.45	0.92	0.87	0.67	0.78
2024-10-11 15:00	188300.0	0.42	0.9	0.83	0.65	0.76
2024-10-11 15:15	129425.00000000001	0.39	0.87	0.8	0.63	0.73
2024-10-11 15:30	177800.0	0.35	0.85	0.76	0.61	0.71
2024-10-11 15:45	126750.0	0.32	0.82	0.73	0.59	0.68
2024-10-11 16:00	170300.0	0.29	0.8	0.69	0.56	0.66
2024-10-11 16:15	196850.0	0.26	0.77	0.66	0.54	0.63
2024-10-11 16:30	174525.0	0.23	0.75	0.62	0.52	0.61
2024-10-11 16:45	181425.0	0.2	0.72	0.59	0.5	0.63
2024-10-11 17:00	109550.00000000001	0.22	0.7	0.59	0.48	0.65
2024-10-11 17:15	170375.0	0.24	0.67	0.61	0.46	0.65
2024-10-11 17:30	156750.0	0.27	0.65	0.61	0.44	0.67
2024-10-11 17:45	166725.0	0.23	0.62	0.63	0.46	0.67
2024-10-11 18:00	129224.99999999999	0.2	0.6	0.63	0.48	0.69
2024-10-11 18:15	136500.0	0.17	0.57	0.66	0.45	0.71
2024-10-11 18:30	182200.0	0.14	0.54	0.68	0.43	0.73
2024-10-11 18:45	137175.0	0.16	0.52	0.71	0.41	0.73
2024-10-11 19:00	125775.00000000003	0.19	0.49	0.71	0.39	0.76
2024-10-11 19:15	110950.0	0.21	0.47	0.73	0.37	0.76
2024-10-11 19:30	123775.0	0.23	0.44	0.73	0.35	0.78
2024-10-11 19:45	152850.0	0.25	0.42	0.73	0.33	0.8
2024-10-11 20:00	153399.99999999997	0.27	0.39	0.75	0.3	0.8
2024-10-11 20:15	136950.00000000003	0.3	0.37	0.75	0.28	0.82
2024-10-11 20:30	162925.0	0.32	0.34	0.78	0.26	0.82
2024-10-11 20:45	149975.00000000003	0.34	0.32	0.78	0.28	0.82
2024-10-11 21:00	108800.00000000001	0.36	0.29	0.78	0.3	0.82
2024-10-11 21:15	183200.0	0.38	0.29	0.78	0.32	0.82
2024-10-11 21:30	116600.00000000001	0.41	0.29	0.78	0.34	0.82
2024-10-11 21:45	156950.0	0.43	0.29	0.78	0.36	0.82
2024-10-11 22:00	114550.00000000001	0.45	0.29	0.78	0.38	0.82
2024-10-11 22:15	141025.0	0.47	0.29	0.78	0.4	0.82
2024-10-11 22:30	217725.0	0.49	0.29	0.78	0.42	0.82
2024-10-11 22:45	189149.99999999997	0.52	0.29	0.78	0.44	0.82
2024-10-11 23:00	208800.0	0.54	0.29	0.78	0.47	0.82
2024-10-11 23:15	144200.0	0.56	0.29	0.78	0.49	0.82
2024-10-11 23:30	213650.0	0.58	0.29	0.78	0.51	0.82
2024-10-11 23:45	191600.0	0.6	0.29	0.78	0.53	0.82
2024-10-12 00:00	99399.99999999999	0.63	0.29	0.78	0.55	0.82
2024-10-12 00:15	91549.99999999999	0.65	0.29	0.78	0.57	0.82
2024-10-12 00:30	150550.00000000003	0.65	0.32	0.78	0.59	0.82
2024-10-12 00:45	158675.0	0.67	0.32	0.78	0.61	0.82
2024-10-12 01:00	15500.0	0.69	0.34	0.78	0.61	0.82
2024-10-12 01:15	14287.500000000002	0.69	0.36	0.78	0.63	0.82
2024-10-12 01:30	12025.000000000002	0.71	0.36	0.78	0.65	0.82
2024-10-12 01:45	14882.5	0.71	0.39	0.78	0.67	0.82
2024-10-12 02:00	15992.5	0.74	0.41	0.78	0.67	0.82
2024-10-12 02:15	12465.000000000002	0.76	0.41	0.78	0.69	0.82
2024-10-12 02:30	11340.000000000002	0.76	0.44	0.78	0.71	0.82
2024-10-12 02:45	20655.000000000004	0.78	0.44	0.78	0.73	0.82
2024-10-12 03:00	11755.000000000002	0.8	0.46	0.78	0.73	0.82
2024-10-12 03:15	16610.0	0.82	0.46	0.78	0.75	0.82
2024-10-12 03:30	18147.5	0.82	0.48	0.78	0.77	0.82
2024-10-12 03:45	15560.000000000002	0.85	0.51	0.78	0.77	0.82
2024-10-12 04:00	13300.000000000002	0.87	0.51	0.78	0.79	0.82
2024-10-12 04:15	13430.000000000002	0.87	0.53	0.78	0.81	0.82
2024-10-12 04:30	17255.0	0.89	0.56	0.78	0.81	0.82
2024-10-12 04:45	14287.500000000002	0.91	0.56	0.78	0.83	0.82
2024-10-12 05:00	11859.999999999998	0.91	0.58	0.78	0.85	0.82
2024-10-12 05:15	15922.500000000002	0.93	0.58	0.78	0.87	0.82
2024-10-12 05:30	18350.0	0.96	0.6	0.78	0.87	0.82
2024-10-12 05:45	16732.5	0.96	0.63	0.78	0.89	0.82
2024-10-12 06:00	16840.0	0.98	0.63	0.78	0.91	0.82
2024-10-12 06:15	19725.0	1.0	0.65	0.78	0.91	0.82
2024-10-12 06:30	13217.5	1.0	0.68	0.78	0.93	0.82
2024-10-12 06:45	21870.0	1.0	0.68	0.78	0.95	0.82
2024-10-12 07:00	19105.0	1.0	0.7	0.78	0.98	0.82
2024-10-12 07:15	16490.0	1.0	0.72	0.78	1.0	0.82
2024-10-12 07:30	15642.5	1.0	0.75	0.78	1.0	0.82
2024-10-12 07:45	14212.500000000002	1.0	0.77	0.78	1.0	0.84
2024-10-12 08:00	15535.0	1.0	0.75	0.8	1.0	0.81
2024-10-12 08:15	161024.99999999997	1.0	0.72	0.82	1.0	0.79
2024-10-12 08:30	188725.0	1.0	0.7	0.85	1.0	0.77
2024-10-12 08:45	108499.99999999999	1.0	0.67	0.87	0.98	0.74
2024-10-12 09:00	166075.0	1.0	0.69	0.87	0.96	0.76
2024-10-12 09:15	171100.0	0.97	0.67	0.9	0.94	0.78
2024-10-12 09:30	187175.0	0.94	0.64	0.92	0.91	0.8
2024-10-12 09:45	170025.0	0.91	0.62	0.94	0.89	0.82
2024-10-12 10:00	158949.99999999997	0.88	0.64	0.94	0.87	0.85
2024-10-12 10:15	184350.0	0.85	0.67	0.94	0.85	0.87
2024-10-12 10:30	112350.0	0.81	0.69	0.91	0.83	0.89
2024-10-12 10:45	141000.0	0.78	0.71	0.87	0.81	0.86
2024-10-12 11:00	177300.0	0.75	0.74	0.9	0.78	0.84
2024-10-12 11:15	158600.0	0.72	0.76	0.92	0.76	0.81
2024-10-12 11:30	161625.0	0.69	0.79	0.92	0.74	0.83
2024-10-12 11:45	174549.99999999997	0.66	0.81	0.92	0.72	0.85
2024-10-12 12:00	127225.0	0.68	0.83	0.92	0.7	0.85
2024-10-12 12:15	111024.99999999999	0.7	0.86	0.92	0.68	0.85
2024-10-12 12:30	160225.0	0.73	0.88	0.92	0.66	0.85
2024-10-12 12:45	130000.0	0.69	0.91	0.92	0.63	0.88
2024-10-12 13:00	161075.0	0.66	0.93	0.92	0.65	0.88
2024-10-12 13:15	138350.00000000003	0.63	0.93	0.92	0.68	0.9
2024-10-12 13:30	125850.00000000001	0.6	0.93	0.92	0.7	0.92
2024-10-12 13:45	165125.0	0.57	0.95	0.92	0.72	0.89
2024-10-12 14:00	167974.99999999997	0.54	0.98	0.89	0.74	0.87
2024-10-12 14:15	149000.00000000003	0.51	0.95	0.85	0.71	0.84
2024-10-12 14:30	78199.99999999999	0.48	0.93	0.82	0.69	0.82
2024-10-12 14:45	188650.0	0.45	0.9	0.84	0.67	0.79
2024-10-12 15:00	188300.0	0.42	0.88	0.8	0.65	0.77
2024-10-12 15:15	129425.00000000001	0.39	0.85	0.77	0.63	0.74
2024-10-12 15:30	177800.0	0.35	0.83	0.73	0.61	0.72
2024-10-12 15:45	126750.0	0.32	0.8	0.7	0.59	0.69
2024-10-12 16:00	170300.0	0.29	0.78	0.67	0.56	0.67
2024-10-12 16:15	196850.0	0.26	0.75	0.63	0.54	0.64
2024-10-12 16:30	174525.0	0.23	0.73	0.6	0.52	0.62
2024-10-12 16:45	181425.0	0.2	0.7	0.56	0.5	0.64
2024-10-12 17:00	109550.00000000001	0.22	0.67	0.58	0.48	0.64
2024-10-12 17:15	170375.0	0.24	0.65	0.61	0.46	0.64
2024-10-12 17:30	156750.0	0.27	0.62	0.61	0.44	0.66
2024-10-12 17:45	166725.0	0.23	0.6	0.63	0.46	0.66
2024-10-12 18:00	129224.99999999999	0.2	0.57	0.63	0.48	0.68
2024-10-12 18:15	136500.0	0.17	0.55	0.66	0.45	0.7
2024-10-12 18:30	182200.0	0.14	0.52	0.68	0.43	0.72
2024-10-12 18:45	137175.0	0.16	0.5	0.68	0.41	0.75
2024-10-12 19:00	125775.00000000003	0.19	0.47	0.7	0.39	0.75
2024-10-12 19:15	110950.0	0.21	0.45	0.7	0.37	0.77
2024-10-12 19:30	123775.0	0.23	0.42	0.73	0.35	0.77
2024-10-12 19:45	152850.0	0.25	0.4	0.73	0.33	0.79
2024-10-12 20:00	153399.99999999997	0.27	0.37	0.75	0.3	0.79
2024-10-12 20:15	136950.00000000003	0.3	0.35	0.75	0.28	0.81
2024-10-12 20:30	162925.0	0.32	0.32	0.77	0.26	0.81
2024-10-12 20:45	149975.00000000003	0.34	0.3	0.77	0.28	0.81
2024-10-12 21:00	108800.00000000001	0.36	0.27	0.77	0.3	0.81
2024-10-12 21:15	183200.0	0.38	0.27	0.77	0.32	0.81
2024-10-12 21:30	116600.00000000001	0.41	0.27	0.77	0.34	0.81
2024-10-12 21:45	156950.0	0.43	0.27	0.77	0.36	0.81
2024-10-12 22:00	114550.00000000001	0.45	0.27	0.77	0.38	0.81
2024-10-12 22:15	141025.0	0.47	0.27	0.77	0.4	0.81
2024-10-12 22:30	217725.0	0.49	0.27	0.77	0.42	0.81
2024-10-12 22:45	189149.99999999997	0.52	0.27	0.77	0.44	0.81
2024-10-12 23:00	208800.0	0.54	0.27	0.77	0.47	0.81
2024-10-12 23:15	144200.0	0.56	0.27	0.77	0.49	0.81
2024-10-12 23:30	213650.0	0.58	0.27	0.77	0.51	0.81
2024-10-12 23:45	191600.0	0.6	0.27	0.77	0.53	0.81
2024-10-13 00:00	99399.99999999999	0.63	0.27	0.77	0.55	0.81
2024-10-13 00:15	91549.99999999999	0.63	0.29	0.77	0.57	0.81
2024-10-13 00:30	150550.00000000003	0.65	0.29	0.77	0.59	0.81
2024-10-13 00:45	158675.0	0.67	0.32	0.77	0.59	0.81
2024-10-13 01:00	15500.0	0.67	0.34	0.77	0.61	0.81
2024-10-13 01:15	14287.500000000002	0.69	0.34	0.77	0.63	0.81
2024-10-13 01:30	12025.000000000002	0.71	0.37	0.77	0.63	0.81
2024-10-13 01:45	14882.5	0.71	0.39	0.77	0.65	0.81
2024-10-13 02:00	15992.5	0.74	0.39	0.77	0.67	0.81
2024-10-13 02:15	12465.000000000002	0.74	0.41	0.77	0.69	0.81
2024-10-13 02:30	11340.000000000002	0.76	0.41	0.77	0.71	0.81
2024-10-13 02:45	20655.000000000004	0.78	0.44	0.77	0.71	0.81
2024-10-13 03:00	11755.000000000002	0.8	0.44	0.77	0.73	0.81
2024-10-13 03:15	16610.0	0.8	0.46	0.77	0.75	0.81
2024-10-13 03:30	18147.5	0.82	0.49	0.77	0.75	0.81
2024-10-13 03:45	15560.000000000002	0.85	0.49	0.77	0.77	0.81
2024-10-13 04:00	13300.000000000002	0.85	0.51	0.77	0.79	0.81
2024-10-13 04:15	13430.000000000002	0.87	0.53	0.77	0.79	0.81
2024-10-13 04:30	17255.0	0.89	0.53	0.77	0.81	0.81
2024-10-13 04:45	14287.500000000002	0.89	0.56	0.77	0.83	0.81
2024-10-13 05:00	11859.999999999998	0.91	0.56	0.77	0.85	0.81
2024-10-13 05:15	15922.500000000002	0.93	0.58	0.77	0.85	0.81
2024-10-13 05:30	18350.0	0.93	0.61	0.77	0.87	0.81
2024-10-13 05:45	16732.5	0.96	0.61	0.77	0.89	0.81
2024-10-13 06:00	16840.0	0.98	0.63	0.77	0.89	0.81
2024-10-13 06:15	19725.0	0.98	0.65	0.77	0.91	0.81
2024-10-13 06:30	13217.5	1.0	0.65	0.77	0.93	0.81
2024-10-13 06:45	21870.0	1.0	0.68	0.77	0.95	0.81
2024-10-13 07:00	19105.0	1.0	0.68	0.77	0.98	0.81
2024-10-13 07:15	16490.0	1.0	0.7	0.77	1.0	0.81
2024-10-13 07:30	15642.5	1.0	0.73	0.77	1.0	0.81
2024-10-13 07:45	14212.500000000002	1.0	0.75	0.77	1.0	0.83
2024-10-13 08:00	15535.0	1.0	0.72	0.8	1.0	0.8
2024-10-13 08:15	161024.99999999997	1.0	0.7	0.82	1.0	0.78
2024-10-13 08:30	188725.0	1.0	0.67	0.84	1.0	0.76
2024-10-13 08:45	108499.99999999999	1.0	0.65	0.87	0.98	0.73
2024-10-13 09:00	166075.0	1.0	0.67	0.87	0.96	0.75
2024-10-13 09:15	171100.0	0.97	0.65	0.89	0.94	0.77
2024-10-13 09:30	187175.0	0.94	0.62	0.92	0.91	0.79
2024-10-13 09:45	170025.0	0.91	0.6	0.94	0.89	0.81
2024-10-13 10:00	158949.99999999997	0.88	0.62	0.94	0.87	0.84
2024-10-13 10:15	184350.0	0.85	0.65	0.94	0.85	0.86
2024-10-13 10:30	112350.0	0.81	0.67	0.9	0.83	0.88
2024-10-13 10:45	141000.0	0.78	0.69	0.87	0.81	0.85
2024-10-13 11:00	177300.0	0.75	0.72	0.89	0.78	0.83
2024-10-13 11:15	158600.0	0.72	0.74	0.92	0.76	0.8
2024-10-13 11:30	161625.0	0.69	0.77	0.92	0.74	0.82
2024-10-13 11:45	174549.99999999997	0.66	0.79	0.92	0.72	0.84
2024-10-13 12:00	127225.0	0.68	0.81	0.92	0.7	0.84
2024-10-13 12:15	111024.99999999999	0.7	0.84	0.92	0.68	0.84
2024-10-13 12:30	160225.0	0.73	0.86	0.92	0.66	0.84
2024-10-13 12:45	130000.0	0.69	0.89	0.92	0.63	0.87
2024-10-13 13:00	161075.0	0.66	0.91	0.92	0.65	0.87
2024-10-13 13:15	138350.00000000003	0.63	0.91	0.92	0.68	0.89
2024-10-13 13:30	125850.00000000001	0.6	0.93	0.92	0.7	0.89
2024-10-13 13:45	165125.0	0.57	0.96	0.92	0.72	0.86
2024-10-13 14:00	167974.99999999997	0.54	0.98	0.88	0.74	0.84
2024-10-13 14:15	149000.00000000003	0.51	0.96	0.85	0.71	0.81
2024-10-13 14:30	78199.99999999999	0.48	0.93	0.81	0.69	0.79
2024-10-13 14:45	188650.0	0.45	0.91	0.84	0.67	0.76
2024-10-13 15:00	188300.0	0.42	0.88	0.8	0.65	0.74
2024-10-13 15:15	129425.00000000001	0.39	0.85	0.77	0.63	0.71
2024-10-13 15:30	177800.0	0.35	0.83	0.73	0.61	0.69
2024-10-13 15:45	126750.0	0.32	0.8	0.7	0.59	0.66
2024-10-13 16:00	170300.0	0.29	0.78	0.66	0.56	0.64
2024-10-13 16:15	196850.0	0.26	0.75	0.63	0.54	0.61
2024-10-13 16:30	174525.0	0.23	0.73	0.59	0.52	0.59
2024-10-13 16:45	181425.0	0.2	0.7	0.56	0.5	0.61
2024-10-13 17:00	109550.00000000001	0.22	0.68	0.58	0.48	0.61
2024-10-13 17:15	170375.0	0.24	0.65	0.58	0.46	0.63
2024-10-13 17:30	156750.0	0.27	0.63	0.6	0.44	0.63
2024-10-13 17:45	166725.0	0.23	0.6	0.6	0.46	0.65
2024-10-13 18:00	129224.99999999999	0.2	0.58	0.6	0.48	0.67
2024-10-13 18:15	136500.0	0.17	0.55	0.63	0.45	0.69
2024-10-13 18:30	182200.0	0.14	0.53	0.65	0.43	0.71
2024-10-13 18:45	137175.0	0.16	0.5	0.68	0.41	0.71
2024-10-13 19:00	125775.00000000003	0.19	0.47	0.68	0.39	0.74
2024-10-13 19:15	110950.0	0.21	0.45	0.7	0.37	0.74
2024-10-13 19:30	123775.0	0.23	0.42	0.7	0.35	0.76
2024-10-13 19:45	152850.0	0.25	0.4	0.72	0.33	0.76
2024-10-13 20:00	153399.99999999997	0.27	0.37	0.72	0.3	0.78
2024-10-13 20:15	136950.00000000003	0.3	0.35	0.75	0.28	0.78
2024-10-13 20:30	162925.0	0.32	0.32	0.75	0.26	0.8
2024-10-13 20:45	149975.00000000003	0.34	0.3	0.75	0.28	0.8
2024-10-13 21:00	108800.00000000001	0.36	0.27	0.75	0.3	0.8
2024-10-13 21:15	183200.0	0.38	0.27	0.75	0.32	0.8
2024-10-13 21:30	116600.00000000001	0.41	0.27	0.75	0.34	0.8
2024-10-13 21:45	156950.0	0.43	0.27	0.75	0.36	0.8
2024-10-13 22:00	114550.00000000001	0.45	0.27	0.75	0.38	0.8
2024-10-13 22:15	141025.0	0.47	0.27	0.75	0.4	0.8
2024-10-13 22:30	217725.0	0.49	0.27	0.75	0.42	0.8
2024-10-13 22:45	189149.99999999997	0.52	0.27	0.75	0.44	0.8
2024-10-13 23:00	208800.0	0.54	0.27	0.75	0.47	0.8
2024-10-13 23:15	144200.0	0.56	0.27	0.75	0.49	0.8
2024-10-13 23:30	213650.0	0.58	0.27	0.75	0.51	0.8
2024-10-13 23:45	191600.0	0.6	0.27	0.75	0.53	0.8
2024-10-14 00:00	99399.99999999999	0.63	0.27	0.75	0.55	0.8
2024-10-14 00:15	91549.99999999999	0.63	0.3	0.75	0.57	0.8
2024-10-14 00:30	150550.00000000003	0.65	0.3	0.75	0.59	0.8
2024-10-14 00:45	158675.0	0.67	0.32	0.75	0.59	0.8
2024-10-14 01:00	15500.0	0.67	0.34	0.75	0.61	0.8
2024-10-14 01:15	14287.500000000002	0.69	0.34	0.75	0.63	0.8
2024-10-14 01:30	12025.000000000002	0.71	0.37	0.75	0.63	0.8
2024-10-14 01:45	14882.5	0.71	0.39	0.75	0.65	0.8
2024-10-14 02:00	15992.5	0.74	0.39	0.75	0.67	0.8
2024-10-14 02:15	12465.000000000002	0.76	0.39	0.75	0.69	0.8
2024-10-14 02:30	11340.000000000002	0.76	0.42	0.75	0.71	0.8
2024-10-14 02:45	20655.000000000004	0.78	0.44	0.75	0.71	0.8
2024-10-14 03:00	11755.000000000002	0.8	0.44	0.75	0.73	0.8
2024-10-14 03:15	16610.0	0.8	0.46	0.75	0.75	0.8
2024-10-14 03:30	18147.5	0.82	0.49	0.75	0.75	0.8
2024-10-14 03:45	15560.000000000002	0.85	0.49	0.75	0.77	0.8
2024-10-14 04:00	13300.000000000002	0.85	0.51	0.75	0.79	0.8
2024-10-14 04:15	13430.000000000002	0.87	0.51	0.75	0.81	0.8
2024-10-14 04:30	17255.0	0.89	0.54	0.75	0.81	0.8
2024-10-14 04:45	14287.500000000002	0.89	0.56	0.75	0.83	0.8
2024-10-14 05:00	11859.999999999998	0.91	0.56	0.75	0.85	0.8
2024-10-14 05:15	15922.500000000002	0.93	0.58	0.75	0.85	0.8
2024-10-14 05:30	18350.0	0.93	0.61	0.75	0.87	0.8
2024-10-14 05:45	16732.5	0.96	0.61	0.75	0.89	0.8
2024-10-14 06:00	16840.0	0.98	0.63	0.75	0.89	0.8
2024-10-14 06:15	19725.0	0.98	0.66	0.75	0.91	0.8
2024-10-14 06:30	13217.5	1.0	0.66	0.75	0.93	0.8
2024-10-14 06:45	21870.0	1.0	0.66	0.75	0.95	0.8
2024-10-14 07:00	19105.0	1.0	0.68	0.75	0.98	0.8
2024-10-14 07:15	16490.0	1.0	0.7	0.75	1.0	0.8
2024-10-14 07:30	15642.5	1.0	0.73	0.75	1.0	0.8
2024-10-14 07:45	14212.500000000002	1.0	0.75	0.77	1.0	0.8
2024-10-14 08:00	15535.0	1.0	0.73	0.79	1.0	0.77
2024-10-14 08:15	161024.99999999997	1.0	0.7	0.82	1.0	0.75
2024-10-14 08:30	188725.0	1.0	0.68	0.84	1.0	0.72
2024-10-14 08:45	108499.99999999999	1.0	0.65	0.87	0.98	0.7
2024-10-14 09:00	166075.0	1.0	0.68	0.87	0.96	0.72
2024-10-14 09:15	171100.0	0.97	0.65	0.89	0.94	0.74
2024-10-14 09:30	187175.0	0.94	0.62	0.91	0.91	0.76
2024-10-14 09:45	170025.0	0.91	0.6	0.94	0.89	0.78
2024-10-14 10:00	158949.99999999997	0.88	0.62	0.94	0.87	0.8
2024-10-14 10:15	184350.0	0.85	0.65	0.94	0.85	0.83
2024-10-14 10:30	112350.0	0.81	0.67	0.9	0.83	0.85
2024-10-14 10:45	141000.0	0.78	0.7	0.87	0.81	0.82
2024-10-14 11:00	177300.0	0.75	0.72	0.89	0.78	0.8
2024-10-14 11:15	158600.0	0.72	0.74	0.91	0.76	0.77
2024-10-14 11:30	161625.0	0.69	0.77	0.91	0.74	0.79
2024-10-14 11:45	174549.99999999997	0.66	0.79	0.91	0.72	0.81
2024-10-14 12:00	127225.0	0.68	0.82	0.91	0.7	0.81
2024-10-14 12:15	111024.99999999999	0.7	0.84	0.91	0.68	0.81
2024-10-14 12:30	160225.0	0.73	0.86	0.91	0.66	0.81
2024-10-14 12:45	130000.0	0.69	0.89	0.91	0.63	0.83
2024-10-14 13:00	161075.0	0.66	0.89	0.91	0.65	0.86
2024-10-14 13:15	138350.00000000003	0.63	0.91	0.91	0.68	0.86
2024-10-14 13:30	125850.00000000001	0.6	0.91	0.91	0.7	0.88
2024-10-14 13:45	165125.0	0.57	0.94	0.91	0.72	0.85
2024-10-14 14:00	167974.99999999997	0.54	0.96	0.88	0.74	0.83
2024-10-14 14:15	149000.00000000003	0.51	0.93	0.84	0.71	0.8
2024-10-14 14:30	78199.99999999999	0.48	0.91	0.81	0.69	0.78
2024-10-14 14:45	188650.0	0.45	0.88	0.83	0.67	0.75
2024-10-14 15:00	188300.0	0.42	0.86	0.8	0.65	0.73
2024-10-14 15:15	129425.00000000001	0.39	0.83	0.76	0.63	0.7
2024-10-14 15:30	177800.0	0.35	0.81	0.73	0.61	0.68
2024-10-14 15:45	126750.0	0.32	0.78	0.69	0.59	0.65
2024-10-14 16:00	170300.0	0.29	0.76	0.66	0.56	0.63
2024-10-14 16:15	196850.0	0.26	0.73	0.62	0.54	0.6
2024-10-14 16:30	174525.0	0.23	0.71	0.59	0.52	0.58
2024-10-14 16:45	181425.0	0.2	0.68	0.55	0.5	0.6
2024-10-14 17:00	109550.00000000001	0.22	0.66	0.55	0.48	0.62
2024-10-14 17:15	170375.0	0.24	0.63	0.58	0.46	0.62
2024-10-14 17:30	156750.0	0.27	0.61	0.58	0.44	0.64
2024-10-14 17:45	166725.0	0.23	0.58	0.6	0.46	0.64
2024-10-14 18:00	129224.99999999999	0.2	0.55	0.6	0.48	0.66
2024-10-14 18:15	136500.0	0.17	0.53	0.63	0.45	0.68
2024-10-14 18:30	182200.0	0.14	0.5	0.65	0.43	0.7
2024-10-14 18:45	137175.0	0.16	0.48	0.67	0.41	0.7
2024-10-14 19:00	125775.00000000003	0.19	0.45	0.67	0.39	0.73
2024-10-14 19:15	110950.0	0.21	0.43	0.7	0.37	0.73
2024-10-14 19:30	123775.0	0.23	0.4	0.7	0.35	0.75
2024-10-14 19:45	152850.0	0.25	0.38	0.72	0.33	0.75
2024-10-14 20:00	153399.99999999997	0.27	0.35	0.72	0.3	0.77
2024-10-14 20:15	136950.00000000003	0.3	0.33	0.72	0.28	0.79
2024-10-14 20:30	162925.0	0.32	0.3	0.74	0.26	0.79
2024-10-14 20:45	149975.00000000003	0.34	0.28	0.74	0.28	0.79
2024-10-14 21:00	108800.00000000001	0.36	0.25	0.74	0.3	0.79
2024-10-14 21:15	183200.0	0.38	0.25	0.74	0.32	0.79
2024-10-14 21:30	116600.00000000001	0.41	0.25	0.74	0.34	0.79
2024-10-14 21:45	156950.0	0.43	0.25	0.74	0.36	0.79
2024-10-14 22:00	114550.00000000001	0.45	0.25	0.74	0.38	0.79
2024-10-14 22:15	141025.0	0.47	0.25	0.74	0.4	0.79
2024-10-14 22:30	217725.0	0.49	0.25	0.74	0.42	0.79
2024-10-14 22:45	189149.99999999997	0.52	0.25	0.74	0.44	0.79
2024-10-14 23:00	208800.0	0.54	0.25	0.74	0.47	0.79
2024-10-14 23:15	144200.0	0.56	0.25	0.74	0.49	0.79
2024-10-14 23:30	213650.0	0.58	0.25	0.74	0.51	0.79
2024-10-14 23:45	191600.0	0.6	0.25	0.74	0.53	0.79
2024-10-15 00:00	99399.99999999999	0.6	0.28	0.74	0.55	0.79
2024-10-15 00:15	91549.99999999999	0.63	0.28	0.74	0.57	0.79
2024-10-15 00:30	150550.00000000003	0.65	0.3	0.74	0.57	0.79
2024-10-15 00:45	158675.0	0.65	0.32	0.74	0.59	0.79
2024-10-15 01:00	15500.0	0.67	0.32	0.74	0.61	0.79
2024-10-15 01:15	14287.500000000002	0.69	0.35	0.74	0.61	0.79
2024-10-15 01:30	12025.000000000002	0.69	0.37	0.74	0.63	0.79
2024-10-15 01:45	14882.5	0.71	0.37	0.74	0.65	0.79
2024-10-15 02:00	15992.5	0.74	0.37	0.74	0.67	0.79
2024-10-15 02:15	12465.000000000002	0.74	0.4	0.74	0.69	0.79
2024-10-15 02:30	11340.000000000002	0.76	0.42	0.74	0.69	0.79
2024-10-15 02:45	20655.000000000004	0.78	0.42	0.74	0.71	0.79
2024-10-15 03:00	11755.000000000002	0.78	0.44	0.74	0.73	0.79
2024-10-15 03:15	16610.0	0.8	0.47	0.74	0.73	0.79
2024-10-15 03:30	18147.5	0.82	0.47	0.74	0.75	0.79
2024-10-15 03:45	15560.000000000002	0.82	0.49	0.74	0.77	0.79
2024-10-15 04:00	13300.000000000002	0.85	0.52	0.74	0.77	0.79
2024-10-15 04:15	13430.000000000002	0.87	0.52	0.74	0.79	0.79
2024-10-15 04:30	17255.0	0.87	0.54	0.74	0.81	0.79
2024-10-15 04:45	14287.500000000002	0.89	0.54	0.74	0.83	0.79
2024-10-15 05:00	11859.999999999998	0.91	0.56	0.74	0.83	0.79
2024-10-15 05:15	15922.500000000002	0.91	0.59	0.74	0.85	0.79
2024-10-15 05:30	18350.0	0.93	0.59	0.74	0.87	0.79
2024-10-15 05:45	16732.5	0.96	0.61	0.74	0.87	0.79
2024-10-15 06:00	16840.0	0.96	0.64	0.74	0.89	0.79
2024-10-15 06:15	19725.0	0.98	0.64	0.74	0.91	0.79
2024-10-15 06:30	13217.5	1.0	0.64	0.74	0.93	0.79
2024-10-15 06:45	21870.0	1.0	0.66	0.74	0.95	0.79
2024-10-15 07:00	19105.0	1.0	0.68	0.74	0.95	0.79
2024-10-15 07:15	16490.0	1.0	0.71	0.74	0.98	0.79
2024-10-15 07:30	15642.5	1.0	0.73	0.74	1.0	0.79
2024-10-15 07:45	14212.500000000002	1.0	0.76	0.74	1.0	0.79
2024-10-15 08:00	15535.0	1.0	0.73	0.77	1.0	0.76
2024-10-15 08:15	161024.99999999997	1.0	0.7	0.79	1.0	0.74
2024-10-15 08:30	188725.0	1.0	0.68	0.81	1.0	0.71
2024-10-15 08:45	108499.99999999999	1.0	0.65	0.84	0.98	0.69
2024-10-15 09:00	166075.0	1.0	0.68	0.84	0.96	0.71
2024-10-15 09:15	171100.0	0.97	0.65	0.86	0.94	0.73
2024-10-15 09:30	187175.0	0.94	0.63	0.89	0.91	0.75
2024-10-15 09:45	170025.0	0.91	0.6	0.91	0.89	0.77
2024-10-15 10:00	158949.99999999997	0.88	0.63	0.91	0.87	0.79
2024-10-15 10:15	184350.0	0.85	0.65	0.91	0.85	0.81
2024-10-15 10:30	112350.0	0.81	0.67	0.87	0.83	0.84
2024-10-15 10:45	141000.0	0.78	0.7	0.84	0.81	0.81
2024-10-15 11:00	177300.0	0.75	0.72	0.86	0.78	0.79
2024-10-15 11:15	158600.0	0.72	0.75	0.89	0.76	0.76
2024-10-15 11:30	161625.0	0.69	0.77	0.89	0.74	0.78
2024-10-15 11:45	174549.99999999997	0.66	0.79	0.89	0.72	0.8
2024-10-15 12:00	127225.0	0.68	0.82	0.89	0.7	0.8
2024-10-15 12:15	111024.99999999999	0.7	0.84	0.89	0.68	0.8
2024-10-15 12:30	160225.0	0.73	0.84	0.89	0.66	0.82
2024-10-15 12:45	130000.0	0.69	0.87	0.89	0.63	0.85
2024-10-15 13:00	161075.0	0.66	0.89	0.89	0.65	0.85
2024-10-15 13:15	138350.00000000003	0.63	0.89	0.89	0.68	0.87
2024-10-15 13:30	125850.00000000001	0.6	0.91	0.89	0.7	0.87
2024-10-15 13:45	165125.0	0.57	0.94	0.89	0.72	0.84
2024-10-15 14:00	167974.99999999997	0.54	0.96	0.85	0.74	0.82
2024-10-15 14:15	149000.00000000003	0.51	0.94	0.82	0.71	0.79
2024-10-15 14:30	78199.99999999999	0.48	0.91	0.78	0.69	0.77
2024-10-15 14:45	188650.0	0.45	0.89	0.81	0.67	0.74
2024-10-15 15:00	188300.0	0.42	0.86	0.77	0.65	0.72
2024-10-15 15:15	129425.00000000001	0.39	0.84	0.74	0.63	0.69
2024-10-15 15:30	177800.0	0.35	0.81	0.7	0.61	0.67
2024-10-15 15:45	126750.0	0.32	0.79	0.67	0.59	0.64
2024-10-15 16:00	170300.0	0.29	0.76	0.63	0.56	0.62
2024-10-15 16:15	196850.0	0.26	0.73	0.6	0.54	0.59
2024-10-15 16:30	174525.0	0.23	0.71	0.56	0.52	0.57
2024-10-15 16:45	181425.0	0.2	0.68	0.53	0.5	0.59
2024-10-15 17:00	109550.00000000001	0.22	0.66	0.55	0.48	0.59
2024-10-15 17:15	170375.0	0.24	0.63	0.55	0.46	0.61
2024-10-15 17:30	156750.0	0.27	0.61	0.57	0.44	0.61
2024-10-15 17:45	166725.0	0.23	0.58	0.57	0.46	0.63
2024-10-15 18:00	129224.99999999999	0.2	0.56	0.6	0.48	0.63
2024-10-15 18:15	136500.0	0.17	0.53	0.62	0.45	0.65
2024-10-15 18:30	182200.0	0.14	0.51	0.65	0.43	0.67
2024-10-15 18:45	137175.0	0.16	0.48	0.65	0.41	0.69
2024-10-15 19:00	125775.00000000003	0.19	0.46	0.67	0.39	0.69
2024-10-15 19:15	110950.0	0.21	0.43	0.67	0.37	0.72
2024-10-15 19:30	123775.0	0.23	0.41	0.67	0.35	0.74
2024-10-15 19:45	152850.0	0.25	0.38	0.69	0.33	0.74
2024-10-15 20:00	153399.99999999997	0.27	0.35	0.69	0.3	0.76
2024-10-15 20:15	136950.00000000003	0.3	0.33	0.72	0.28	0.76
2024-10-15 20:30	162925.0	0.32	0.3	0.72	0.26	0.78
2024-10-15 20:45	149975.00000000003	0.34	0.28	0.72	0.28	0.78
2024-10-15 21:00	108800.00000000001	0.36	0.25	0.72	0.3	0.78
2024-10-15 21:15	183200.0	0.38	0.25	0.72	0.32	0.78
2024-10-15 21:30	116600.00000000001	0.41	0.25	0.72	0.34	0.78
2024-10-15 21:45	156950.0	0.43	0.25	0.72	0.36	0.78
2024-10-15 22:00	114550.00000000001	0.45	0.25	0.72	0.38	0.78
2024-10-15 22:15	141025.0	0.47	0.25	0.72	0.4	0.78
2024-10-15 22:30	217725.0	0.49	0.25	0.72	0.42	0.78
2024-10-15 22:45	189149.99999999997	0.52	0.25	0.72	0.44	0.78
2024-10-15 23:00	208800.0	0.54	0.25	0.72	0.47	0.78
2024-10-15 23:15	144200.0	0.56	0.25	0.72	0.49	0.78
2024-10-15 23:30	213650.0	0.58	0.25	0.72	0.51	0.78
2024-10-15 23:45	191600.0	0.6	0.25	0.72	0.53	0.78
2024-10-16 00:00	99399.99999999999	0.6	0.28	0.72	0.55	0.78
