Tiempo	VE1	VE2	VE3	VE4	VE5
2024-10-07 00:00	0.08	-0.38	-0.41	-0.01	-0.33
2024-10-07 00:15	0.06	-0.38	-0.41	-0.03	-0.33
2024-10-07 00:30	0.04	-0.38	-0.41	-0.05	-0.33
2024-10-07 00:45	0.02	-0.38	-0.41	-0.07	-0.33
2024-10-07 01:00	-0.0	-0.38	-0.41	-0.09	-0.33
2024-10-07 01:15	-0.03	-0.38	-0.41	-0.11	-0.33
2024-10-07 01:30	-0.05	-0.38	-0.41	-0.13	-0.33
2024-10-07 01:45	-0.07	-0.38	-0.41	-0.15	-0.33
2024-10-07 02:00	-0.09	-0.38	-0.41	-0.17	-0.33
2024-10-07 02:15	-0.11	-0.38	-0.41	-0.19	-0.33
2024-10-07 02:30	-0.14	-0.38	-0.41	-0.21	-0.33
2024-10-07 02:45	-0.16	-0.38	-0.41	-0.23	-0.33
2024-10-07 03:00	-0.18	-0.38	-0.41	-0.25	-0.33
2024-10-07 03:15	-0.2	-0.38	-0.41	-0.27	-0.33
2024-10-07 03:30	-0.22	-0.38	-0.41	-0.29	-0.33
2024-10-07 03:45	-0.23	-0.38	-0.41	-0.29	-0.35
2024-10-07 04:00	-0.23	-0.4	-0.41	-0.29	-0.37
2024-10-07 04:15	-0.23	-0.42	-0.41	-0.29	-0.39
2024-10-07 04:30	-0.23	-0.42	-0.44	-0.29	-0.41
2024-10-07 04:45	-0.23	-0.45	-0.44	-0.29	-0.43
2024-10-07 05:00	-0.23	-0.45	-0.46	-0.29	-0.45
2024-10-07 05:15	-0.23	-0.47	-0.46	-0.29	-0.47
2024-10-07 05:30	-0.23	-0.5	-0.48	-0.29	-0.47
2024-10-07 05:45	-0.23	-0.5	-0.51	-0.29	-0.49
2024-10-07 06:00	-0.23	-0.52	-0.51	-0.29	-0.52
2024-10-07 06:15	-0.23	-0.52	-0.53	-0.29	-0.54
2024-10-07 06:30	-0.23	-0.55	-0.55	-0.29	-0.54
2024-10-07 06:45	-0.23	-0.57	-0.55	-0.29	-0.56
2024-10-07 07:00	-0.23	-0.57	-0.58	-0.29	-0.58
2024-10-07 07:15	-0.23	-0.57	-0.6	-0.29	-0.58
2024-10-07 07:30	-0.23	-0.57	-0.63	-0.29	-0.6
2024-10-07 07:45	-0.23	-0.57	-0.65	-0.29	-0.6
2024-10-07 08:00	-0.23	-0.54	-0.65	-0.29	-0.58
2024-10-07 08:15	-0.23	-0.52	-0.65	-0.29	-0.55
2024-10-07 08:30	-0.23	-0.49	-0.65	-0.29	-0.53
2024-10-07 08:45	-0.23	-0.47	-0.65	-0.27	-0.5
2024-10-07 09:00	-0.23	-0.49	-0.65	-0.25	-0.53
2024-10-07 09:15	-0.2	-0.47	-0.65	-0.23	-0.55
2024-10-07 09:30	-0.17	-0.44	-0.65	-0.2	-0.57
2024-10-07 09:45	-0.13	-0.42	-0.65	-0.18	-0.59
2024-10-07 10:00	-0.1	-0.44	-0.65	-0.16	-0.6
2024-10-07 10:15	-0.07	-0.46	-0.65	-0.16	-0.6
2024-10-07 10:30	-0.04	-0.49	-0.62	-0.16	-0.6
2024-10-07 10:45	-0.01	-0.51	-0.58	-0.16	-0.58
2024-10-07 11:00	0.02	-0.54	-0.61	-0.16	-0.55
2024-10-07 11:15	0.05	-0.56	-0.63	-0.16	-0.53
2024-10-07 11:30	0.08	-0.57	-0.63	-0.14	-0.55
2024-10-07 11:45	0.11	-0.57	-0.65	-0.12	-0.57
2024-10-07 12:00	0.09	-0.57	-0.65	-0.1	-0.59
2024-10-07 12:15	0.07	-0.57	-0.65	-0.08	-0.6
2024-10-07 12:30	0.05	-0.57	-0.65	-0.05	-0.6
2024-10-07 12:45	0.08	-0.57	-0.65	-0.03	-0.6
2024-10-07 13:00	0.11	-0.57	-0.65	-0.05	-0.6
2024-10-07 13:15	0.14	-0.57	-0.65	-0.07	-0.6
2024-10-07 13:30	0.17	-0.57	-0.65	-0.09	-0.6
2024-10-07 13:45	0.2	-0.57	-0.65	-0.11	-0.58
2024-10-07 14:00	0.23	-0.57	-0.62	-0.13	-0.55
2024-10-07 14:15	0.23	-0.54	-0.58	-0.11	-0.53
2024-10-07 14:30	0.23	-0.52	-0.55	-0.09	-0.5
2024-10-07 14:45	0.23	-0.49	-0.57	-0.07	-0.48
2024-10-07 15:00	0.23	-0.47	-0.54	-0.05	-0.45
2024-10-07 15:15	0.23	-0.44	-0.5	-0.03	-0.43
2024-10-07 15:30	0.26	-0.42	-0.47	-0.01	-0.4
2024-10-07 15:45	0.29	-0.42	-0.43	-0.01	-0.38
2024-10-07 16:00	0.33	-0.42	-0.4	-0.01	-0.36
2024-10-07 16:15	0.36	-0.42	-0.36	0.02	-0.33
2024-10-07 16:30	0.39	-0.42	-0.33	0.04	-0.31
2024-10-07 16:45	0.42	-0.42	-0.29	0.06	-0.33
2024-10-07 17:00	0.4	-0.42	-0.31	0.08	-0.33
2024-10-07 17:15	0.37	-0.42	-0.34	0.1	-0.33
2024-10-07 17:30	0.35	-0.42	-0.34	0.12	-0.35
2024-10-07 17:45	0.38	-0.42	-0.36	0.1	-0.35
2024-10-07 18:00	0.41	-0.42	-0.36	0.08	-0.37
2024-10-07 18:15	0.45	-0.42	-0.39	0.1	-0.39
2024-10-07 18:30	0.48	-0.42	-0.41	0.13	-0.41
2024-10-07 18:45	0.45	-0.42	-0.43	0.15	-0.41
2024-10-07 19:00	0.43	-0.42	-0.43	0.17	-0.43
2024-10-07 19:15	0.41	-0.42	-0.43	0.19	-0.45
2024-10-07 19:30	0.39	-0.42	-0.46	0.21	-0.45
2024-10-07 19:45	0.37	-0.39	-0.46	0.23	-0.47
2024-10-07 20:00	0.34	-0.37	-0.48	0.25	-0.47
2024-10-07 20:15	0.32	-0.34	-0.48	0.28	-0.49
2024-10-07 20:30	0.3	-0.32	-0.5	0.3	-0.49
2024-10-07 20:45	0.28	-0.29	-0.5	0.28	-0.49
2024-10-07 21:00	0.26	-0.27	-0.5	0.26	-0.49
2024-10-07 21:15	0.23	-0.27	-0.5	0.24	-0.49
2024-10-07 21:30	0.21	-0.27	-0.5	0.22	-0.49
2024-10-07 21:45	0.19	-0.27	-0.5	0.2	-0.49
2024-10-07 22:00	0.17	-0.27	-0.5	0.18	-0.49
2024-10-07 22:15	0.15	-0.27	-0.5	0.16	-0.49
2024-10-07 22:30	0.12	-0.27	-0.5	0.13	-0.49
2024-10-07 22:45	0.1	-0.27	-0.5	0.11	-0.49
2024-10-07 23:00	0.08	-0.27	-0.5	0.09	-0.49
2024-10-07 23:15	0.06	-0.27	-0.5	0.07	-0.49
2024-10-07 23:30	0.04	-0.27	-0.5	0.05	-0.49
2024-10-07 23:45	0.01	-0.27	-0.5	0.03	-0.49
2024-10-08 00:00	-0.01	-0.27	-0.5	0.01	-0.49
2024-10-08 00:15	-0.03	-0.27	-0.5	-0.01	-0.49
2024-10-08 00:30	-0.05	-0.27	-0.5	-0.03	-0.49
2024-10-08 00:45	-0.07	-0.27	-0.5	-0.05	-0.49
2024-10-08 01:00	-0.09	-0.27	-0.5	-0.07	-0.49
2024-10-08 01:15	-0.12	-0.27	-0.5	-0.09	-0.49
2024-10-08 01:30	-0.14	-0.27	-0.5	-0.11	-0.49
2024-10-08 01:45	-0.16	-0.27	-0.5	-0.13	-0.49
2024-10-08 02:00	-0.18	-0.27	-0.5	-0.15	-0.49
2024-10-08 02:15	-0.2	-0.27	-0.5	-0.17	-0.49
2024-10-08 02:30	-0.23	-0.27	-0.5	-0.19	-0.49
2024-10-08 02:45	-0.23	-0.27	-0.5	-0.21	-0.49
2024-10-08 03:00	-0.23	-0.29	-0.5	-0.23	-0.49
2024-10-08 03:15	-0.23	-0.31	-0.5	-0.25	-0.49
2024-10-08 03:30	-0.23	-0.34	-0.5	-0.27	-0.49
2024-10-08 03:45	-0.23	-0.36	-0.5	-0.29	-0.49
2024-10-08 04:00	-0.23	-0.39	-0.5	-0.29	-0.52
2024-10-08 04:15	-0.23	-0.41	-0.53	-0.29	-0.52
2024-10-08 04:30	-0.23	-0.43	-0.53	-0.29	-0.54
2024-10-08 04:45	-0.23	-0.46	-0.55	-0.29	-0.54
2024-10-08 05:00	-0.23	-0.48	-0.55	-0.29	-0.56
2024-10-08 05:15	-0.23	-0.51	-0.58	-0.29	-0.56
2024-10-08 05:30	-0.23	-0.53	-0.58	-0.29	-0.58
2024-10-08 05:45	-0.23	-0.55	-0.6	-0.29	-0.58
2024-10-08 06:00	-0.23	-0.57	-0.6	-0.29	-0.6
2024-10-08 06:15	-0.23	-0.57	-0.62	-0.29	-0.6
2024-10-08 06:30	-0.23	-0.57	-0.65	-0.29	-0.6
2024-10-08 06:45	-0.23	-0.57	-0.65	-0.29	-0.6
2024-10-08 07:00	-0.23	-0.57	-0.65	-0.29	-0.6
2024-10-08 07:15	-0.23	-0.57	-0.65	-0.29	-0.6
2024-10-08 07:30	-0.23	-0.57	-0.65	-0.29	-0.6
2024-10-08 07:45	-0.23	-0.57	-0.65	-0.29	-0.6
2024-10-08 08:00	-0.23	-0.54	-0.65	-0.29	-0.58
2024-10-08 08:15	-0.23	-0.52	-0.65	-0.29	-0.55
2024-10-08 08:30	-0.23	-0.49	-0.65	-0.29	-0.53
2024-10-08 08:45	-0.23	-0.47	-0.65	-0.27	-0.5
2024-10-08 09:00	-0.23	-0.49	-0.65	-0.25	-0.53
2024-10-08 09:15	-0.2	-0.47	-0.65	-0.23	-0.55
2024-10-08 09:30	-0.17	-0.44	-0.65	-0.2	-0.57
2024-10-08 09:45	-0.13	-0.42	-0.65	-0.18	-0.59
2024-10-08 10:00	-0.1	-0.44	-0.65	-0.16	-0.6
2024-10-08 10:15	-0.07	-0.46	-0.65	-0.14	-0.6
2024-10-08 10:30	-0.04	-0.49	-0.62	-0.12	-0.6
2024-10-08 10:45	-0.01	-0.51	-0.58	-0.1	-0.58
2024-10-08 11:00	0.02	-0.54	-0.61	-0.08	-0.55
2024-10-08 11:15	0.05	-0.56	-0.63	-0.05	-0.53
2024-10-08 11:30	0.08	-0.57	-0.63	-0.03	-0.55
2024-10-08 11:45	0.11	-0.57	-0.65	-0.01	-0.57
2024-10-08 12:00	0.09	-0.57	-0.65	0.01	-0.59
2024-10-08 12:15	0.07	-0.57	-0.65	0.03	-0.6
2024-10-08 12:30	0.05	-0.57	-0.65	0.05	-0.6
2024-10-08 12:45	0.08	-0.57	-0.65	0.08	-0.6
2024-10-08 13:00	0.11	-0.57	-0.65	0.05	-0.6
2024-10-08 13:15	0.14	-0.57	-0.65	0.03	-0.6
2024-10-08 13:30	0.17	-0.57	-0.65	0.01	-0.6
2024-10-08 13:45	0.2	-0.57	-0.65	-0.01	-0.58
2024-10-08 14:00	0.23	-0.57	-0.62	-0.03	-0.55
2024-10-08 14:15	0.26	-0.54	-0.58	-0.01	-0.53
2024-10-08 14:30	0.29	-0.52	-0.55	0.02	-0.5
2024-10-08 14:45	0.33	-0.49	-0.57	0.04	-0.48
2024-10-08 15:00	0.36	-0.47	-0.54	0.06	-0.45
2024-10-08 15:15	0.39	-0.44	-0.5	0.08	-0.43
2024-10-08 15:30	0.42	-0.42	-0.47	0.1	-0.4
2024-10-08 15:45	0.45	-0.39	-0.43	0.12	-0.38
2024-10-08 16:00	0.48	-0.37	-0.4	0.15	-0.36
2024-10-08 16:15	0.51	-0.34	-0.36	0.17	-0.33
2024-10-08 16:30	0.54	-0.32	-0.33	0.19	-0.31
2024-10-08 16:45	0.57	-0.29	-0.29	0.21	-0.33
2024-10-08 17:00	0.55	-0.27	-0.31	0.23	-0.33
2024-10-08 17:15	0.53	-0.24	-0.34	0.25	-0.33
2024-10-08 17:30	0.51	-0.22	-0.34	0.27	-0.35
2024-10-08 17:45	0.54	-0.19	-0.36	0.25	-0.35
2024-10-08 18:00	0.57	-0.16	-0.36	0.23	-0.37
2024-10-08 18:15	0.6	-0.14	-0.39	0.25	-0.39
2024-10-08 18:30	0.63	-0.11	-0.41	0.28	-0.41
2024-10-08 18:45	0.61	-0.09	-0.43	0.3	-0.41
2024-10-08 19:00	0.59	-0.06	-0.43	0.32	-0.43
2024-10-08 19:15	0.56	-0.04	-0.43	0.34	-0.45
2024-10-08 19:30	0.54	-0.01	-0.46	0.36	-0.45
2024-10-08 19:45	0.52	0.01	-0.46	0.38	-0.47
2024-10-08 20:00	0.5	0.04	-0.48	0.41	-0.47
2024-10-08 20:15	0.48	0.06	-0.48	0.43	-0.49
2024-10-08 20:30	0.46	0.09	-0.5	0.45	-0.49
2024-10-08 20:45	0.43	0.11	-0.5	0.43	-0.49
2024-10-08 21:00	0.41	0.14	-0.5	0.41	-0.49
2024-10-08 21:15	0.39	0.14	-0.5	0.39	-0.49
2024-10-08 21:30	0.37	0.14	-0.5	0.37	-0.49
2024-10-08 21:45	0.35	0.14	-0.5	0.35	-0.49
2024-10-08 22:00	0.32	0.14	-0.5	0.33	-0.49
2024-10-08 22:15	0.3	0.14	-0.5	0.31	-0.49
2024-10-08 22:30	0.28	0.14	-0.5	0.29	-0.49
2024-10-08 22:45	0.26	0.14	-0.5	0.26	-0.49
2024-10-08 23:00	0.24	0.14	-0.5	0.24	-0.49
2024-10-08 23:15	0.21	0.14	-0.5	0.22	-0.49
2024-10-08 23:30	0.19	0.14	-0.5	0.2	-0.49
2024-10-08 23:45	0.17	0.14	-0.5	0.18	-0.49
2024-10-09 00:00	0.15	0.14	-0.5	0.16	-0.49
2024-10-09 00:15	0.13	0.14	-0.5	0.14	-0.49
2024-10-09 00:30	0.13	0.11	-0.5	0.12	-0.49
2024-10-09 00:45	0.1	0.11	-0.5	0.1	-0.49
2024-10-09 01:00	0.08	0.09	-0.5	0.1	-0.49
2024-10-09 01:15	0.08	0.07	-0.5	0.08	-0.49
2024-10-09 01:30	0.06	0.07	-0.5	0.06	-0.49
2024-10-09 01:45	0.06	0.04	-0.5	0.04	-0.49
2024-10-09 02:00	0.04	0.02	-0.5	0.04	-0.49
2024-10-09 02:15	0.02	0.02	-0.5	0.02	-0.49
2024-10-09 02:30	0.02	-0.01	-0.5	-0.0	-0.49
2024-10-09 02:45	-0.01	-0.01	-0.5	-0.02	-0.49
2024-10-09 03:00	-0.03	-0.03	-0.5	-0.02	-0.49
2024-10-09 03:15	-0.05	-0.03	-0.5	-0.04	-0.49
2024-10-09 03:30	-0.05	-0.05	-0.5	-0.06	-0.49
2024-10-09 03:45	-0.07	-0.08	-0.5	-0.06	-0.49
2024-10-09 04:00	-0.09	-0.08	-0.5	-0.08	-0.49
2024-10-09 04:15	-0.09	-0.1	-0.5	-0.1	-0.49
2024-10-09 04:30	-0.12	-0.13	-0.5	-0.1	-0.49
2024-10-09 04:45	-0.14	-0.13	-0.5	-0.12	-0.49
2024-10-09 05:00	-0.14	-0.15	-0.5	-0.14	-0.49
2024-10-09 05:15	-0.16	-0.15	-0.5	-0.16	-0.49
2024-10-09 05:30	-0.18	-0.17	-0.5	-0.16	-0.49
2024-10-09 05:45	-0.18	-0.2	-0.5	-0.18	-0.49
2024-10-09 06:00	-0.2	-0.2	-0.5	-0.2	-0.49
2024-10-09 06:15	-0.23	-0.22	-0.5	-0.2	-0.49
2024-10-09 06:30	-0.23	-0.25	-0.5	-0.22	-0.49
2024-10-09 06:45	-0.23	-0.25	-0.5	-0.25	-0.49
2024-10-09 07:00	-0.23	-0.27	-0.5	-0.27	-0.49
2024-10-09 07:15	-0.23	-0.29	-0.5	-0.29	-0.49
2024-10-09 07:30	-0.23	-0.32	-0.5	-0.29	-0.49
2024-10-09 07:45	-0.23	-0.34	-0.5	-0.29	-0.52
2024-10-09 08:00	-0.23	-0.32	-0.53	-0.29	-0.49
2024-10-09 08:15	-0.23	-0.29	-0.55	-0.29	-0.47
2024-10-09 08:30	-0.23	-0.27	-0.58	-0.29	-0.44
2024-10-09 08:45	-0.23	-0.24	-0.6	-0.27	-0.42
2024-10-09 09:00	-0.23	-0.26	-0.6	-0.25	-0.44
2024-10-09 09:15	-0.2	-0.24	-0.62	-0.23	-0.46
2024-10-09 09:30	-0.17	-0.21	-0.65	-0.2	-0.48
2024-10-09 09:45	-0.13	-0.19	-0.65	-0.18	-0.5
2024-10-09 10:00	-0.1	-0.21	-0.65	-0.16	-0.52
2024-10-09 10:15	-0.07	-0.24	-0.65	-0.14	-0.54
2024-10-09 10:30	-0.04	-0.26	-0.62	-0.12	-0.56
2024-10-09 10:45	-0.01	-0.28	-0.58	-0.1	-0.54
2024-10-09 11:00	0.02	-0.31	-0.61	-0.08	-0.51
2024-10-09 11:15	0.05	-0.33	-0.63	-0.05	-0.49
2024-10-09 11:30	0.08	-0.36	-0.63	-0.03	-0.51
2024-10-09 11:45	0.11	-0.38	-0.63	-0.01	-0.53
2024-10-09 12:00	0.09	-0.4	-0.63	0.01	-0.53
2024-10-09 12:15	0.07	-0.43	-0.63	0.03	-0.53
2024-10-09 12:30	0.05	-0.45	-0.63	0.05	-0.53
2024-10-09 12:45	0.08	-0.48	-0.63	0.08	-0.55
2024-10-09 13:00	0.11	-0.5	-0.63	0.05	-0.55
2024-10-09 13:15	0.14	-0.52	-0.63	0.03	-0.55
2024-10-09 13:30	0.17	-0.55	-0.63	0.01	-0.55
2024-10-09 13:45	0.2	-0.57	-0.63	-0.01	-0.53
2024-10-09 14:00	0.23	-0.57	-0.59	-0.03	-0.5
2024-10-09 14:15	0.26	-0.54	-0.56	-0.01	-0.48
2024-10-09 14:30	0.29	-0.52	-0.52	0.02	-0.45
2024-10-09 14:45	0.33	-0.49	-0.55	0.04	-0.43
2024-10-09 15:00	0.36	-0.47	-0.51	0.06	-0.4
2024-10-09 15:15	0.39	-0.44	-0.48	0.08	-0.38
2024-10-09 15:30	0.42	-0.42	-0.44	0.1	-0.35
2024-10-09 15:45	0.45	-0.39	-0.41	0.12	-0.33
2024-10-09 16:00	0.48	-0.37	-0.37	0.15	-0.3
2024-10-09 16:15	0.51	-0.34	-0.34	0.17	-0.28
2024-10-09 16:30	0.54	-0.32	-0.3	0.19	-0.25
2024-10-09 16:45	0.57	-0.29	-0.27	0.21	-0.27
2024-10-09 17:00	0.55	-0.27	-0.29	0.23	-0.27
2024-10-09 17:15	0.53	-0.24	-0.29	0.25	-0.3
2024-10-09 17:30	0.51	-0.22	-0.32	0.27	-0.3
2024-10-09 17:45	0.54	-0.19	-0.32	0.25	-0.32
2024-10-09 18:00	0.57	-0.16	-0.34	0.23	-0.32
2024-10-09 18:15	0.6	-0.14	-0.36	0.25	-0.34
2024-10-09 18:30	0.63	-0.11	-0.39	0.28	-0.36
2024-10-09 18:45	0.61	-0.09	-0.39	0.3	-0.38
2024-10-09 19:00	0.59	-0.06	-0.39	0.32	-0.4
2024-10-09 19:15	0.56	-0.04	-0.41	0.34	-0.4
2024-10-09 19:30	0.54	-0.01	-0.41	0.36	-0.42
2024-10-09 19:45	0.52	0.01	-0.43	0.38	-0.42
2024-10-09 20:00	0.5	0.04	-0.43	0.41	-0.44
2024-10-09 20:15	0.48	0.06	-0.46	0.43	-0.44
2024-10-09 20:30	0.46	0.09	-0.46	0.45	-0.46
2024-10-09 20:45	0.43	0.11	-0.46	0.43	-0.46
2024-10-09 21:00	0.41	0.14	-0.46	0.41	-0.46
2024-10-09 21:15	0.39	0.14	-0.46	0.39	-0.46
2024-10-09 21:30	0.37	0.14	-0.46	0.37	-0.46
2024-10-09 21:45	0.35	0.14	-0.46	0.35	-0.46
2024-10-09 22:00	0.32	0.14	-0.46	0.33	-0.46
2024-10-09 22:15	0.3	0.14	-0.46	0.31	-0.46
2024-10-09 22:30	0.28	0.14	-0.46	0.29	-0.46
2024-10-09 22:45	0.26	0.14	-0.46	0.26	-0.46
2024-10-09 23:00	0.24	0.14	-0.46	0.24	-0.46
2024-10-09 23:15	0.21	0.14	-0.46	0.22	-0.46
2024-10-09 23:30	0.19	0.14	-0.46	0.2	-0.46
2024-10-09 23:45	0.17	0.14	-0.46	0.18	-0.46
2024-10-10 00:00	0.15	0.14	-0.46	0.16	-0.46
2024-10-10 00:15	0.13	0.14	-0.46	0.14	-0.46
2024-10-10 00:30	0.13	0.11	-0.46	0.12	-0.46
2024-10-10 00:45	0.1	0.11	-0.46	0.1	-0.46
2024-10-10 01:00	0.08	0.09	-0.46	0.1	-0.46
2024-10-10 01:15	0.08	0.07	-0.46	0.08	-0.46
2024-10-10 01:30	0.06	0.07	-0.46	0.06	-0.46
2024-10-10 01:45	0.06	0.04	-0.46	0.04	-0.46
2024-10-10 02:00	0.04	0.02	-0.46	0.04	-0.46
2024-10-10 02:15	0.02	0.02	-0.46	0.02	-0.46
2024-10-10 02:30	0.02	-0.01	-0.46	-0.0	-0.46
2024-10-10 02:45	-0.01	-0.01	-0.46	-0.02	-0.46
2024-10-10 03:00	-0.03	-0.03	-0.46	-0.02	-0.46
2024-10-10 03:15	-0.05	-0.03	-0.46	-0.04	-0.46
2024-10-10 03:30	-0.05	-0.05	-0.46	-0.06	-0.46
2024-10-10 03:45	-0.07	-0.08	-0.46	-0.06	-0.46
2024-10-10 04:00	-0.09	-0.08	-0.46	-0.08	-0.46
2024-10-10 04:15	-0.09	-0.1	-0.46	-0.1	-0.46
2024-10-10 04:30	-0.12	-0.13	-0.46	-0.1	-0.46
2024-10-10 04:45	-0.14	-0.13	-0.46	-0.12	-0.46
2024-10-10 05:00	-0.14	-0.15	-0.46	-0.14	-0.46
2024-10-10 05:15	-0.16	-0.15	-0.46	-0.16	-0.46
2024-10-10 05:30	-0.18	-0.17	-0.46	-0.16	-0.46
2024-10-10 05:45	-0.18	-0.2	-0.46	-0.18	-0.46
2024-10-10 06:00	-0.2	-0.2	-0.46	-0.2	-0.46
2024-10-10 06:15	-0.23	-0.22	-0.46	-0.2	-0.46
2024-10-10 06:30	-0.23	-0.25	-0.46	-0.22	-0.46
2024-10-10 06:45	-0.23	-0.25	-0.46	-0.25	-0.46
2024-10-10 07:00	-0.23	-0.27	-0.46	-0.27	-0.46
2024-10-10 07:15	-0.23	-0.29	-0.46	-0.29	-0.46
2024-10-10 07:30	-0.23	-0.32	-0.46	-0.29	-0.46
2024-10-10 07:45	-0.23	-0.34	-0.48	-0.29	-0.46
2024-10-10 08:00	-0.23	-0.32	-0.51	-0.29	-0.44
2024-10-10 08:15	-0.23	-0.29	-0.53	-0.29	-0.41
2024-10-10 08:30	-0.23	-0.27	-0.55	-0.29	-0.39
2024-10-10 08:45	-0.23	-0.24	-0.58	-0.27	-0.36
2024-10-10 09:00	-0.23	-0.26	-0.58	-0.25	-0.39
2024-10-10 09:15	-0.2	-0.24	-0.6	-0.23	-0.41
2024-10-10 09:30	-0.17	-0.21	-0.62	-0.2	-0.43
2024-10-10 09:45	-0.13	-0.19	-0.65	-0.18	-0.45
2024-10-10 10:00	-0.1	-0.21	-0.65	-0.16	-0.47
2024-10-10 10:15	-0.07	-0.24	-0.65	-0.14	-0.49
2024-10-10 10:30	-0.04	-0.26	-0.61	-0.12	-0.51
2024-10-10 10:45	-0.01	-0.28	-0.58	-0.1	-0.49
2024-10-10 11:00	0.02	-0.31	-0.6	-0.08	-0.46
2024-10-10 11:15	0.05	-0.33	-0.63	-0.05	-0.44
2024-10-10 11:30	0.08	-0.36	-0.63	-0.03	-0.46
2024-10-10 11:45	0.11	-0.38	-0.63	-0.01	-0.48
2024-10-10 12:00	0.09	-0.4	-0.63	0.01	-0.48
2024-10-10 12:15	0.07	-0.43	-0.63	0.03	-0.48
2024-10-10 12:30	0.05	-0.45	-0.63	0.05	-0.48
2024-10-10 12:45	0.08	-0.48	-0.63	0.08	-0.5
2024-10-10 13:00	0.11	-0.5	-0.63	0.05	-0.5
2024-10-10 13:15	0.14	-0.5	-0.63	0.03	-0.52
2024-10-10 13:30	0.17	-0.52	-0.63	0.01	-0.52
2024-10-10 13:45	0.2	-0.55	-0.63	-0.01	-0.5
2024-10-10 14:00	0.23	-0.57	-0.59	-0.03	-0.47
2024-10-10 14:15	0.26	-0.54	-0.56	-0.01	-0.45
2024-10-10 14:30	0.29	-0.52	-0.52	0.02	-0.42
2024-10-10 14:45	0.33	-0.49	-0.54	0.04	-0.4
2024-10-10 15:00	0.36	-0.47	-0.51	0.06	-0.37
2024-10-10 15:15	0.39	-0.44	-0.47	0.08	-0.35
2024-10-10 15:30	0.42	-0.42	-0.44	0.1	-0.32
2024-10-10 15:45	0.45	-0.39	-0.4	0.12	-0.3
2024-10-10 16:00	0.48	-0.37	-0.37	0.15	-0.27
2024-10-10 16:15	0.51	-0.34	-0.34	0.17	-0.25
2024-10-10 16:30	0.54	-0.32	-0.3	0.19	-0.22
2024-10-10 16:45	0.57	-0.29	-0.27	0.21	-0.24
2024-10-10 17:00	0.55	-0.27	-0.27	0.23	-0.26
2024-10-10 17:15	0.53	-0.24	-0.27	0.25	-0.29
2024-10-10 17:30	0.51	-0.22	-0.29	0.27	-0.29
2024-10-10 17:45	0.54	-0.19	-0.29	0.25	-0.31
2024-10-10 18:00	0.57	-0.16	-0.31	0.23	-0.31
2024-10-10 18:15	0.6	-0.14	-0.34	0.25	-0.33
2024-10-10 18:30	0.63	-0.11	-0.36	0.28	-0.35
2024-10-10 18:45	0.61	-0.09	-0.36	0.3	-0.37
2024-10-10 19:00	0.59	-0.06	-0.38	0.32	-0.37
2024-10-10 19:15	0.56	-0.04	-0.38	0.34	-0.39
2024-10-10 19:30	0.54	-0.01	-0.41	0.36	-0.39
2024-10-10 19:45	0.52	0.01	-0.41	0.38	-0.41
2024-10-10 20:00	0.5	0.04	-0.43	0.41	-0.41
2024-10-10 20:15	0.48	0.06	-0.43	0.43	-0.43
2024-10-10 20:30	0.46	0.09	-0.46	0.45	-0.43
2024-10-10 20:45	0.43	0.11	-0.46	0.43	-0.43
2024-10-10 21:00	0.41	0.14	-0.46	0.41	-0.43
2024-10-10 21:15	0.39	0.14	-0.46	0.39	-0.43
2024-10-10 21:30	0.37	0.14	-0.46	0.37	-0.43
2024-10-10 21:45	0.35	0.14	-0.46	0.35	-0.43
2024-10-10 22:00	0.32	0.14	-0.46	0.33	-0.43
2024-10-10 22:15	0.3	0.14	-0.46	0.31	-0.43
2024-10-10 22:30	0.28	0.14	-0.46	0.29	-0.43
2024-10-10 22:45	0.26	0.14	-0.46	0.26	-0.43
2024-10-10 23:00	0.24	0.14	-0.46	0.24	-0.43
2024-10-10 23:15	0.21	0.14	-0.46	0.22	-0.43
2024-10-10 23:30	0.19	0.14	-0.46	0.2	-0.43
2024-10-10 23:45	0.17	0.14	-0.46	0.18	-0.43
2024-10-11 00:00	0.15	0.14	-0.46	0.16	-0.43
2024-10-11 00:15	0.13	0.14	-0.46	0.14	-0.43
2024-10-11 00:30	0.13	0.11	-0.46	0.12	-0.43
2024-10-11 00:45	0.1	0.11	-0.46	0.1	-0.43
2024-10-11 01:00	0.08	0.09	-0.46	0.1	-0.43
2024-10-11 01:15	0.08	0.07	-0.46	0.08	-0.43
2024-10-11 01:30	0.06	0.07	-0.46	0.06	-0.43
2024-10-11 01:45	0.06	0.04	-0.46	0.04	-0.43
2024-10-11 02:00	0.04	0.02	-0.46	0.04	-0.43
2024-10-11 02:15	0.02	0.02	-0.46	0.02	-0.43
2024-10-11 02:30	0.02	-0.01	-0.46	-0.0	-0.43
2024-10-11 02:45	-0.01	-0.01	-0.46	-0.02	-0.43
2024-10-11 03:00	-0.03	-0.03	-0.46	-0.02	-0.43
2024-10-11 03:15	-0.05	-0.03	-0.46	-0.04	-0.43
2024-10-11 03:30	-0.05	-0.05	-0.46	-0.06	-0.43
2024-10-11 03:45	-0.07	-0.08	-0.46	-0.06	-0.43
2024-10-11 04:00	-0.09	-0.08	-0.46	-0.08	-0.43
2024-10-11 04:15	-0.09	-0.1	-0.46	-0.1	-0.43
2024-10-11 04:30	-0.12	-0.13	-0.46	-0.1	-0.43
2024-10-11 04:45	-0.14	-0.13	-0.46	-0.12	-0.43
2024-10-11 05:00	-0.14	-0.15	-0.46	-0.14	-0.43
2024-10-11 05:15	-0.16	-0.15	-0.46	-0.16	-0.43
2024-10-11 05:30	-0.18	-0.17	-0.46	-0.16	-0.43
2024-10-11 05:45	-0.18	-0.2	-0.46	-0.18	-0.43
2024-10-11 06:00	-0.2	-0.2	-0.46	-0.2	-0.43
2024-10-11 06:15	-0.23	-0.22	-0.46	-0.2	-0.43
2024-10-11 06:30	-0.23	-0.25	-0.46	-0.22	-0.43
2024-10-11 06:45	-0.23	-0.25	-0.46	-0.25	-0.43
2024-10-11 07:00	-0.23	-0.27	-0.46	-0.27	-0.43
2024-10-11 07:15	-0.23	-0.29	-0.46	-0.29	-0.43
2024-10-11 07:30	-0.23	-0.32	-0.46	-0.29	-0.43
2024-10-11 07:45	-0.23	-0.34	-0.46	-0.29	-0.45
2024-10-11 08:00	-0.23	-0.32	-0.48	-0.29	-0.43
2024-10-11 08:15	-0.23	-0.29	-0.5	-0.29	-0.4
2024-10-11 08:30	-0.23	-0.27	-0.53	-0.29	-0.38
2024-10-11 08:45	-0.23	-0.24	-0.55	-0.27	-0.35
2024-10-11 09:00	-0.23	-0.26	-0.55	-0.25	-0.37
2024-10-11 09:15	-0.2	-0.24	-0.57	-0.23	-0.4
2024-10-11 09:30	-0.17	-0.21	-0.6	-0.2	-0.42
2024-10-11 09:45	-0.13	-0.19	-0.62	-0.18	-0.44
2024-10-11 10:00	-0.1	-0.21	-0.62	-0.16	-0.46
2024-10-11 10:15	-0.07	-0.24	-0.62	-0.14	-0.48
2024-10-11 10:30	-0.04	-0.26	-0.59	-0.12	-0.5
2024-10-11 10:45	-0.01	-0.28	-0.55	-0.1	-0.48
2024-10-11 11:00	0.02	-0.31	-0.57	-0.08	-0.45
2024-10-11 11:15	0.05	-0.33	-0.6	-0.05	-0.43
2024-10-11 11:30	0.08	-0.36	-0.6	-0.03	-0.45
2024-10-11 11:45	0.11	-0.38	-0.6	-0.01	-0.47
2024-10-11 12:00	0.09	-0.4	-0.6	0.01	-0.47
2024-10-11 12:15	0.07	-0.43	-0.6	0.03	-0.47
2024-10-11 12:30	0.05	-0.45	-0.6	0.05	-0.47
2024-10-11 12:45	0.08	-0.48	-0.6	0.08	-0.49
2024-10-11 13:00	0.11	-0.5	-0.6	0.05	-0.49
2024-10-11 13:15	0.14	-0.5	-0.6	0.03	-0.51
2024-10-11 13:30	0.17	-0.52	-0.6	0.01	-0.51
2024-10-11 13:45	0.2	-0.55	-0.6	-0.01	-0.49
2024-10-11 14:00	0.23	-0.57	-0.56	-0.03	-0.46
2024-10-11 14:15	0.26	-0.54	-0.53	-0.01	-0.44
2024-10-11 14:30	0.29	-0.52	-0.49	0.02	-0.41
2024-10-11 14:45	0.33	-0.49	-0.52	0.04	-0.39
2024-10-11 15:00	0.36	-0.47	-0.48	0.06	-0.36
2024-10-11 15:15	0.39	-0.44	-0.45	0.08	-0.34
2024-10-11 15:30	0.42	-0.42	-0.41	0.1	-0.31
2024-10-11 15:45	0.45	-0.39	-0.38	0.12	-0.29
2024-10-11 16:00	0.48	-0.37	-0.34	0.15	-0.26
2024-10-11 16:15	0.51	-0.34	-0.31	0.17	-0.24
2024-10-11 16:30	0.54	-0.32	-0.27	0.19	-0.21
2024-10-11 16:45	0.57	-0.29	-0.24	0.21	-0.23
2024-10-11 17:00	0.55	-0.27	-0.24	0.23	-0.25
2024-10-11 17:15	0.53	-0.24	-0.26	0.25	-0.25
2024-10-11 17:30	0.51	-0.22	-0.26	0.27	-0.28
2024-10-11 17:45	0.54	-0.19	-0.29	0.25	-0.28
2024-10-11 18:00	0.57	-0.16	-0.29	0.23	-0.3
2024-10-11 18:15	0.6	-0.14	-0.31	0.25	-0.32
2024-10-11 18:30	0.63	-0.11	-0.33	0.28	-0.34
2024-10-11 18:45	0.61	-0.09	-0.36	0.3	-0.34
2024-10-11 19:00	0.59	-0.06	-0.36	0.32	-0.36
2024-10-11 19:15	0.56	-0.04	-0.38	0.34	-0.36
2024-10-11 19:30	0.54	-0.01	-0.38	0.36	-0.38
2024-10-11 19:45	0.52	0.01	-0.38	0.38	-0.4
2024-10-11 20:00	0.5	0.04	-0.4	0.41	-0.4
2024-10-11 20:15	0.48	0.06	-0.4	0.43	-0.42
2024-10-11 20:30	0.46	0.09	-0.43	0.45	-0.42
2024-10-11 20:45	0.43	0.11	-0.43	0.43	-0.42
2024-10-11 21:00	0.41	0.14	-0.43	0.41	-0.42
2024-10-11 21:15	0.39	0.14	-0.43	0.39	-0.42
2024-10-11 21:30	0.37	0.14	-0.43	0.37	-0.42
2024-10-11 21:45	0.35	0.14	-0.43	0.35	-0.42
2024-10-11 22:00	0.32	0.14	-0.43	0.33	-0.42
2024-10-11 22:15	0.3	0.14	-0.43	0.31	-0.42
2024-10-11 22:30	0.28	0.14	-0.43	0.29	-0.42
2024-10-11 22:45	0.26	0.14	-0.43	0.26	-0.42
2024-10-11 23:00	0.24	0.14	-0.43	0.24	-0.42
2024-10-11 23:15	0.21	0.14	-0.43	0.22	-0.42
2024-10-11 23:30	0.19	0.14	-0.43	0.2	-0.42
2024-10-11 23:45	0.17	0.14	-0.43	0.18	-0.42
2024-10-12 00:00	0.15	0.14	-0.43	0.16	-0.42
2024-10-12 00:15	0.13	0.14	-0.43	0.14	-0.42
2024-10-12 00:30	0.13	0.11	-0.43	0.12	-0.42
2024-10-12 00:45	0.1	0.11	-0.43	0.1	-0.42
2024-10-12 01:00	0.08	0.09	-0.43	0.1	-0.42
2024-10-12 01:15	0.08	0.07	-0.43	0.08	-0.42
2024-10-12 01:30	0.06	0.07	-0.43	0.06	-0.42
2024-10-12 01:45	0.06	0.04	-0.43	0.04	-0.42
2024-10-12 02:00	0.04	0.02	-0.43	0.04	-0.42
2024-10-12 02:15	0.02	0.02	-0.43	0.02	-0.42
2024-10-12 02:30	0.02	-0.01	-0.43	-0.0	-0.42
2024-10-12 02:45	-0.01	-0.01	-0.43	-0.02	-0.42
2024-10-12 03:00	-0.03	-0.03	-0.43	-0.02	-0.42
2024-10-12 03:15	-0.05	-0.03	-0.43	-0.04	-0.42
2024-10-12 03:30	-0.05	-0.05	-0.43	-0.06	-0.42
2024-10-12 03:45	-0.07	-0.08	-0.43	-0.06	-0.42
2024-10-12 04:00	-0.09	-0.08	-0.43	-0.08	-0.42
2024-10-12 04:15	-0.09	-0.1	-0.43	-0.1	-0.42
2024-10-12 04:30	-0.12	-0.13	-0.43	-0.1	-0.42
2024-10-12 04:45	-0.14	-0.13	-0.43	-0.12	-0.42
2024-10-12 05:00	-0.14	-0.15	-0.43	-0.14	-0.42
2024-10-12 05:15	-0.16	-0.15	-0.43	-0.16	-0.42
2024-10-12 05:30	-0.18	-0.17	-0.43	-0.16	-0.42
2024-10-12 05:45	-0.18	-0.2	-0.43	-0.18	-0.42
2024-10-12 06:00	-0.2	-0.2	-0.43	-0.2	-0.42
2024-10-12 06:15	-0.23	-0.22	-0.43	-0.2	-0.42
2024-10-12 06:30	-0.23	-0.25	-0.43	-0.22	-0.42
2024-10-12 06:45	-0.23	-0.25	-0.43	-0.25	-0.42
2024-10-12 07:00	-0.23	-0.27	-0.43	-0.27	-0.42
2024-10-12 07:15	-0.23	-0.29	-0.43	-0.29	-0.42
2024-10-12 07:30	-0.23	-0.32	-0.43	-0.29	-0.42
2024-10-12 07:45	-0.23	-0.34	-0.43	-0.29	-0.44
2024-10-12 08:00	-0.23	-0.32	-0.45	-0.29	-0.42
2024-10-12 08:15	-0.23	-0.29	-0.48	-0.29	-0.39
2024-10-12 08:30	-0.23	-0.27	-0.5	-0.29	-0.37
2024-10-12 08:45	-0.23	-0.24	-0.52	-0.27	-0.34
2024-10-12 09:00	-0.23	-0.26	-0.52	-0.25	-0.36
2024-10-12 09:15	-0.2	-0.24	-0.55	-0.23	-0.39
2024-10-12 09:30	-0.17	-0.21	-0.57	-0.2	-0.41
2024-10-12 09:45	-0.13	-0.19	-0.59	-0.18	-0.43
2024-10-12 10:00	-0.1	-0.21	-0.59	-0.16	-0.45
2024-10-12 10:15	-0.07	-0.24	-0.59	-0.14	-0.47
2024-10-12 10:30	-0.04	-0.26	-0.56	-0.12	-0.49
2024-10-12 10:45	-0.01	-0.28	-0.52	-0.1	-0.47
2024-10-12 11:00	0.02	-0.31	-0.55	-0.08	-0.44
2024-10-12 11:15	0.05	-0.33	-0.57	-0.05	-0.42
2024-10-12 11:30	0.08	-0.36	-0.57	-0.03	-0.44
2024-10-12 11:45	0.11	-0.38	-0.57	-0.01	-0.46
2024-10-12 12:00	0.09	-0.4	-0.57	0.01	-0.46
2024-10-12 12:15	0.07	-0.43	-0.57	0.03	-0.46
2024-10-12 12:30	0.05	-0.45	-0.57	0.05	-0.46
2024-10-12 12:45	0.08	-0.48	-0.57	0.08	-0.48
2024-10-12 13:00	0.11	-0.5	-0.57	0.05	-0.48
2024-10-12 13:15	0.14	-0.5	-0.57	0.03	-0.5
2024-10-12 13:30	0.17	-0.5	-0.57	0.01	-0.52
2024-10-12 13:45	0.2	-0.52	-0.57	-0.01	-0.5
2024-10-12 14:00	0.23	-0.55	-0.54	-0.03	-0.47
2024-10-12 14:15	0.26	-0.52	-0.5	-0.01	-0.45
2024-10-12 14:30	0.29	-0.5	-0.47	0.02	-0.42
2024-10-12 14:45	0.33	-0.47	-0.49	0.04	-0.4
2024-10-12 15:00	0.36	-0.45	-0.46	0.06	-0.37
2024-10-12 15:15	0.39	-0.42	-0.42	0.08	-0.35
2024-10-12 15:30	0.42	-0.4	-0.39	0.1	-0.32
2024-10-12 15:45	0.45	-0.37	-0.35	0.12	-0.3
2024-10-12 16:00	0.48	-0.35	-0.32	0.15	-0.27
2024-10-12 16:15	0.51	-0.32	-0.28	0.17	-0.25
2024-10-12 16:30	0.54	-0.3	-0.25	0.19	-0.22
2024-10-12 16:45	0.57	-0.27	-0.21	0.21	-0.24
2024-10-12 17:00	0.55	-0.24	-0.24	0.23	-0.24
2024-10-12 17:15	0.53	-0.22	-0.26	0.25	-0.24
2024-10-12 17:30	0.51	-0.19	-0.26	0.27	-0.27
2024-10-12 17:45	0.54	-0.17	-0.28	0.25	-0.27
2024-10-12 18:00	0.57	-0.14	-0.28	0.23	-0.29
2024-10-12 18:15	0.6	-0.12	-0.31	0.25	-0.31
2024-10-12 18:30	0.63	-0.09	-0.33	0.28	-0.33
2024-10-12 18:45	0.61	-0.07	-0.33	0.3	-0.35
2024-10-12 19:00	0.59	-0.04	-0.35	0.32	-0.35
2024-10-12 19:15	0.56	-0.02	-0.35	0.34	-0.37
2024-10-12 19:30	0.54	0.01	-0.38	0.36	-0.37
2024-10-12 19:45	0.52	0.03	-0.38	0.38	-0.39
2024-10-12 20:00	0.5	0.06	-0.4	0.41	-0.39
2024-10-12 20:15	0.48	0.08	-0.4	0.43	-0.41
2024-10-12 20:30	0.46	0.11	-0.42	0.45	-0.41
2024-10-12 20:45	0.43	0.13	-0.42	0.43	-0.41
2024-10-12 21:00	0.41	0.16	-0.42	0.41	-0.41
2024-10-12 21:15	0.39	0.16	-0.42	0.39	-0.41
2024-10-12 21:30	0.37	0.16	-0.42	0.37	-0.41
2024-10-12 21:45	0.35	0.16	-0.42	0.35	-0.41
2024-10-12 22:00	0.32	0.16	-0.42	0.33	-0.41
2024-10-12 22:15	0.3	0.16	-0.42	0.31	-0.41
2024-10-12 22:30	0.28	0.16	-0.42	0.29	-0.41
2024-10-12 22:45	0.26	0.16	-0.42	0.26	-0.41
2024-10-12 23:00	0.24	0.16	-0.42	0.24	-0.41
2024-10-12 23:15	0.21	0.16	-0.42	0.22	-0.41
2024-10-12 23:30	0.19	0.16	-0.42	0.2	-0.41
2024-10-12 23:45	0.17	0.16	-0.42	0.18	-0.41
2024-10-13 00:00	0.15	0.16	-0.42	0.16	-0.41
2024-10-13 00:15	0.15	0.14	-0.42	0.14	-0.41
2024-10-13 00:30	0.13	0.14	-0.42	0.12	-0.41
2024-10-13 00:45	0.1	0.11	-0.42	0.12	-0.41
2024-10-13 01:00	0.1	0.09	-0.42	0.1	-0.41
2024-10-13 01:15	0.08	0.09	-0.42	0.08	-0.41
2024-10-13 01:30	0.06	0.06	-0.42	0.08	-0.41
2024-10-13 01:45	0.06	0.04	-0.42	0.06	-0.41
2024-10-13 02:00	0.04	0.04	-0.42	0.04	-0.41
2024-10-13 02:15	0.04	0.02	-0.42	0.02	-0.41
2024-10-13 02:30	0.02	0.02	-0.42	-0.0	-0.41
2024-10-13 02:45	-0.01	-0.01	-0.42	-0.0	-0.41
2024-10-13 03:00	-0.03	-0.01	-0.42	-0.02	-0.41
2024-10-13 03:15	-0.03	-0.03	-0.42	-0.04	-0.41
2024-10-13 03:30	-0.05	-0.06	-0.42	-0.04	-0.41
2024-10-13 03:45	-0.07	-0.06	-0.42	-0.06	-0.41
2024-10-13 04:00	-0.07	-0.08	-0.42	-0.08	-0.41
2024-10-13 04:15	-0.09	-0.1	-0.42	-0.08	-0.41
2024-10-13 04:30	-0.12	-0.1	-0.42	-0.1	-0.41
2024-10-13 04:45	-0.12	-0.13	-0.42	-0.12	-0.41
2024-10-13 05:00	-0.14	-0.13	-0.42	-0.14	-0.41
2024-10-13 05:15	-0.16	-0.15	-0.42	-0.14	-0.41
2024-10-13 05:30	-0.16	-0.18	-0.42	-0.16	-0.41
2024-10-13 05:45	-0.18	-0.18	-0.42	-0.18	-0.41
2024-10-13 06:00	-0.2	-0.2	-0.42	-0.18	-0.41
2024-10-13 06:15	-0.2	-0.22	-0.42	-0.2	-0.41
2024-10-13 06:30	-0.23	-0.22	-0.42	-0.22	-0.41
2024-10-13 06:45	-0.23	-0.25	-0.42	-0.25	-0.41
2024-10-13 07:00	-0.23	-0.25	-0.42	-0.27	-0.41
2024-10-13 07:15	-0.23	-0.27	-0.42	-0.29	-0.41
2024-10-13 07:30	-0.23	-0.3	-0.42	-0.29	-0.41
2024-10-13 07:45	-0.23	-0.32	-0.42	-0.29	-0.43
2024-10-13 08:00	-0.23	-0.29	-0.45	-0.29	-0.41
2024-10-13 08:15	-0.23	-0.27	-0.47	-0.29	-0.38
2024-10-13 08:30	-0.23	-0.24	-0.5	-0.29	-0.36
2024-10-13 08:45	-0.23	-0.22	-0.52	-0.27	-0.33
2024-10-13 09:00	-0.23	-0.24	-0.52	-0.25	-0.35
2024-10-13 09:15	-0.2	-0.22	-0.54	-0.23	-0.38
2024-10-13 09:30	-0.17	-0.19	-0.57	-0.2	-0.4
2024-10-13 09:45	-0.13	-0.17	-0.59	-0.18	-0.42
2024-10-13 10:00	-0.1	-0.19	-0.59	-0.16	-0.44
2024-10-13 10:15	-0.07	-0.21	-0.59	-0.14	-0.46
2024-10-13 10:30	-0.04	-0.24	-0.56	-0.12	-0.48
2024-10-13 10:45	-0.01	-0.26	-0.52	-0.1	-0.46
2024-10-13 11:00	0.02	-0.29	-0.54	-0.08	-0.43
2024-10-13 11:15	0.05	-0.31	-0.57	-0.05	-0.41
2024-10-13 11:30	0.08	-0.33	-0.57	-0.03	-0.43
2024-10-13 11:45	0.11	-0.36	-0.57	-0.01	-0.45
2024-10-13 12:00	0.09	-0.38	-0.57	0.01	-0.45
2024-10-13 12:15	0.07	-0.41	-0.57	0.03	-0.45
2024-10-13 12:30	0.05	-0.43	-0.57	0.05	-0.45
2024-10-13 12:45	0.08	-0.45	-0.57	0.08	-0.47
2024-10-13 13:00	0.11	-0.48	-0.57	0.05	-0.47
2024-10-13 13:15	0.14	-0.48	-0.57	0.03	-0.49
2024-10-13 13:30	0.17	-0.5	-0.57	0.01	-0.49
2024-10-13 13:45	0.2	-0.53	-0.57	-0.01	-0.47
2024-10-13 14:00	0.23	-0.55	-0.53	-0.03	-0.44
2024-10-13 14:15	0.26	-0.53	-0.5	-0.01	-0.42
2024-10-13 14:30	0.29	-0.5	-0.46	0.02	-0.39
2024-10-13 14:45	0.33	-0.47	-0.49	0.04	-0.37
2024-10-13 15:00	0.36	-0.45	-0.45	0.06	-0.34
2024-10-13 15:15	0.39	-0.42	-0.42	0.08	-0.32
2024-10-13 15:30	0.42	-0.4	-0.38	0.1	-0.29
2024-10-13 15:45	0.45	-0.37	-0.35	0.12	-0.27
2024-10-13 16:00	0.48	-0.35	-0.31	0.15	-0.24
2024-10-13 16:15	0.51	-0.32	-0.28	0.17	-0.22
2024-10-13 16:30	0.54	-0.3	-0.24	0.19	-0.19
2024-10-13 16:45	0.57	-0.27	-0.21	0.21	-0.21
2024-10-13 17:00	0.55	-0.25	-0.23	0.23	-0.21
2024-10-13 17:15	0.53	-0.22	-0.23	0.25	-0.23
2024-10-13 17:30	0.51	-0.2	-0.26	0.27	-0.23
2024-10-13 17:45	0.54	-0.17	-0.26	0.25	-0.26
2024-10-13 18:00	0.57	-0.15	-0.26	0.23	-0.28
2024-10-13 18:15	0.6	-0.12	-0.28	0.25	-0.3
2024-10-13 18:30	0.63	-0.1	-0.3	0.28	-0.32
2024-10-13 18:45	0.61	-0.07	-0.33	0.3	-0.32
2024-10-13 19:00	0.59	-0.04	-0.33	0.32	-0.34
2024-10-13 19:15	0.56	-0.02	-0.35	0.34	-0.34
2024-10-13 19:30	0.54	0.01	-0.35	0.36	-0.36
2024-10-13 19:45	0.52	0.03	-0.37	0.38	-0.36
2024-10-13 20:00	0.5	0.06	-0.37	0.41	-0.38
2024-10-13 20:15	0.48	0.08	-0.4	0.43	-0.38
2024-10-13 20:30	0.46	0.11	-0.4	0.45	-0.4
2024-10-13 20:45	0.43	0.13	-0.4	0.43	-0.4
2024-10-13 21:00	0.41	0.16	-0.4	0.41	-0.4
2024-10-13 21:15	0.39	0.16	-0.4	0.39	-0.4
2024-10-13 21:30	0.37	0.16	-0.4	0.37	-0.4
2024-10-13 21:45	0.35	0.16	-0.4	0.35	-0.4
2024-10-13 22:00	0.32	0.16	-0.4	0.33	-0.4
2024-10-13 22:15	0.3	0.16	-0.4	0.31	-0.4
2024-10-13 22:30	0.28	0.16	-0.4	0.29	-0.4
2024-10-13 22:45	0.26	0.16	-0.4	0.26	-0.4
2024-10-13 23:00	0.24	0.16	-0.4	0.24	-0.4
2024-10-13 23:15	0.21	0.16	-0.4	0.22	-0.4
2024-10-13 23:30	0.19	0.16	-0.4	0.2	-0.4
2024-10-13 23:45	0.17	0.16	-0.4	0.18	-0.4
2024-10-14 00:00	0.15	0.16	-0.4	0.16	-0.4
2024-10-14 00:15	0.15	0.13	-0.4	0.14	-0.4
2024-10-14 00:30	0.13	0.13	-0.4	0.12	-0.4
2024-10-14 00:45	0.1	0.11	-0.4	0.12	-0.4
2024-10-14 01:00	0.1	0.09	-0.4	0.1	-0.4
2024-10-14 01:15	0.08	0.09	-0.4	0.08	-0.4
2024-10-14 01:30	0.06	0.06	-0.4	0.08	-0.4
2024-10-14 01:45	0.06	0.04	-0.4	0.06	-0.4
2024-10-14 02:00	0.04	0.04	-0.4	0.04	-0.4
2024-10-14 02:15	0.02	0.04	-0.4	0.02	-0.4
2024-10-14 02:30	0.02	0.01	-0.4	-0.0	-0.4
2024-10-14 02:45	-0.01	-0.01	-0.4	-0.0	-0.4
2024-10-14 03:00	-0.03	-0.01	-0.4	-0.02	-0.4
2024-10-14 03:15	-0.03	-0.03	-0.4	-0.04	-0.4
2024-10-14 03:30	-0.05	-0.06	-0.4	-0.04	-0.4
2024-10-14 03:45	-0.07	-0.06	-0.4	-0.06	-0.4
2024-10-14 04:00	-0.07	-0.08	-0.4	-0.08	-0.4
2024-10-14 04:15	-0.09	-0.08	-0.4	-0.1	-0.4
2024-10-14 04:30	-0.12	-0.11	-0.4	-0.1	-0.4
2024-10-14 04:45	-0.12	-0.13	-0.4	-0.12	-0.4
2024-10-14 05:00	-0.14	-0.13	-0.4	-0.14	-0.4
2024-10-14 05:15	-0.16	-0.15	-0.4	-0.14	-0.4
2024-10-14 05:30	-0.16	-0.18	-0.4	-0.16	-0.4
2024-10-14 05:45	-0.18	-0.18	-0.4	-0.18	-0.4
2024-10-14 06:00	-0.2	-0.2	-0.4	-0.18	-0.4
2024-10-14 06:15	-0.2	-0.23	-0.4	-0.2	-0.4
2024-10-14 06:30	-0.23	-0.23	-0.4	-0.22	-0.4
2024-10-14 06:45	-0.23	-0.23	-0.4	-0.25	-0.4
2024-10-14 07:00	-0.23	-0.25	-0.4	-0.27	-0.4
2024-10-14 07:15	-0.23	-0.27	-0.4	-0.29	-0.4
2024-10-14 07:30	-0.23	-0.3	-0.4	-0.29	-0.4
2024-10-14 07:45	-0.23	-0.32	-0.42	-0.29	-0.4
2024-10-14 08:00	-0.23	-0.3	-0.45	-0.29	-0.38
2024-10-14 08:15	-0.23	-0.27	-0.47	-0.29	-0.35
2024-10-14 08:30	-0.23	-0.25	-0.49	-0.29	-0.33
2024-10-14 08:45	-0.23	-0.22	-0.52	-0.27	-0.3
2024-10-14 09:00	-0.23	-0.25	-0.52	-0.25	-0.32
2024-10-14 09:15	-0.2	-0.22	-0.54	-0.23	-0.34
2024-10-14 09:30	-0.17	-0.19	-0.56	-0.2	-0.37
2024-10-14 09:45	-0.13	-0.17	-0.59	-0.18	-0.39
2024-10-14 10:00	-0.1	-0.19	-0.59	-0.16	-0.41
2024-10-14 10:15	-0.07	-0.22	-0.59	-0.14	-0.43
2024-10-14 10:30	-0.04	-0.24	-0.55	-0.12	-0.45
2024-10-14 10:45	-0.01	-0.27	-0.52	-0.1	-0.42
2024-10-14 11:00	0.02	-0.29	-0.54	-0.08	-0.4
2024-10-14 11:15	0.05	-0.31	-0.57	-0.05	-0.37
2024-10-14 11:30	0.08	-0.34	-0.57	-0.03	-0.4
2024-10-14 11:45	0.11	-0.36	-0.57	-0.01	-0.42
2024-10-14 12:00	0.09	-0.39	-0.57	0.01	-0.42
2024-10-14 12:15	0.07	-0.41	-0.57	0.03	-0.42
2024-10-14 12:30	0.05	-0.43	-0.57	0.05	-0.42
2024-10-14 12:45	0.08	-0.46	-0.57	0.08	-0.44
2024-10-14 13:00	0.11	-0.46	-0.57	0.05	-0.46
2024-10-14 13:15	0.14	-0.48	-0.57	0.03	-0.46
2024-10-14 13:30	0.17	-0.48	-0.57	0.01	-0.48
2024-10-14 13:45	0.2	-0.51	-0.57	-0.01	-0.45
2024-10-14 14:00	0.23	-0.53	-0.53	-0.03	-0.43
2024-10-14 14:15	0.26	-0.5	-0.5	-0.01	-0.41
2024-10-14 14:30	0.29	-0.48	-0.46	0.02	-0.38
2024-10-14 14:45	0.33	-0.45	-0.48	0.04	-0.36
2024-10-14 15:00	0.36	-0.43	-0.45	0.06	-0.33
2024-10-14 15:15	0.39	-0.4	-0.41	0.08	-0.31
2024-10-14 15:30	0.42	-0.38	-0.38	0.1	-0.28
2024-10-14 15:45	0.45	-0.35	-0.34	0.12	-0.26
2024-10-14 16:00	0.48	-0.33	-0.31	0.15	-0.23
2024-10-14 16:15	0.51	-0.3	-0.27	0.17	-0.21
2024-10-14 16:30	0.54	-0.28	-0.24	0.19	-0.18
2024-10-14 16:45	0.57	-0.25	-0.21	0.21	-0.2
2024-10-14 17:00	0.55	-0.23	-0.21	0.23	-0.22
2024-10-14 17:15	0.53	-0.2	-0.23	0.25	-0.22
2024-10-14 17:30	0.51	-0.18	-0.23	0.27	-0.25
2024-10-14 17:45	0.54	-0.15	-0.25	0.25	-0.25
2024-10-14 18:00	0.57	-0.12	-0.25	0.23	-0.27
2024-10-14 18:15	0.6	-0.1	-0.28	0.25	-0.29
2024-10-14 18:30	0.63	-0.07	-0.3	0.28	-0.31
2024-10-14 18:45	0.61	-0.05	-0.32	0.3	-0.31
2024-10-14 19:00	0.59	-0.02	-0.32	0.32	-0.33
2024-10-14 19:15	0.56	0.0	-0.35	0.34	-0.33
2024-10-14 19:30	0.54	0.03	-0.35	0.36	-0.35
2024-10-14 19:45	0.52	0.05	-0.37	0.38	-0.35
2024-10-14 20:00	0.5	0.08	-0.37	0.41	-0.37
2024-10-14 20:15	0.48	0.1	-0.37	0.43	-0.39
2024-10-14 20:30	0.46	0.13	-0.39	0.45	-0.39
2024-10-14 20:45	0.43	0.15	-0.39	0.43	-0.39
2024-10-14 21:00	0.41	0.18	-0.39	0.41	-0.39
2024-10-14 21:15	0.39	0.18	-0.39	0.39	-0.39
2024-10-14 21:30	0.37	0.18	-0.39	0.37	-0.39
2024-10-14 21:45	0.35	0.18	-0.39	0.35	-0.39
2024-10-14 22:00	0.32	0.18	-0.39	0.33	-0.39
2024-10-14 22:15	0.3	0.18	-0.39	0.31	-0.39
2024-10-14 22:30	0.28	0.18	-0.39	0.29	-0.39
2024-10-14 22:45	0.26	0.18	-0.39	0.26	-0.39
2024-10-14 23:00	0.24	0.18	-0.39	0.24	-0.39
2024-10-14 23:15	0.21	0.18	-0.39	0.22	-0.39
2024-10-14 23:30	0.19	0.18	-0.39	0.2	-0.39
2024-10-14 23:45	0.17	0.18	-0.39	0.18	-0.39
2024-10-15 00:00	0.17	0.16	-0.39	0.16	-0.39
2024-10-15 00:15	0.15	0.16	-0.39	0.14	-0.39
2024-10-15 00:30	0.13	0.13	-0.39	0.14	-0.39
2024-10-15 00:45	0.13	0.11	-0.39	0.12	-0.39
2024-10-15 01:00	0.1	0.11	-0.39	0.1	-0.39
2024-10-15 01:15	0.08	0.08	-0.39	0.1	-0.39
2024-10-15 01:30	0.08	0.06	-0.39	0.08	-0.39
2024-10-15 01:45	0.06	0.06	-0.39	0.06	-0.39
2024-10-15 02:00	0.04	0.06	-0.39	0.04	-0.39
2024-10-15 02:15	0.04	0.04	-0.39	0.02	-0.39
2024-10-15 02:30	0.02	0.01	-0.39	0.02	-0.39
2024-10-15 02:45	-0.01	0.01	-0.39	-0.0	-0.39
2024-10-15 03:00	-0.01	-0.01	-0.39	-0.02	-0.39
2024-10-15 03:15	-0.03	-0.04	-0.39	-0.02	-0.39
2024-10-15 03:30	-0.05	-0.04	-0.39	-0.04	-0.39
2024-10-15 03:45	-0.05	-0.06	-0.39	-0.06	-0.39
2024-10-15 04:00	-0.07	-0.08	-0.39	-0.06	-0.39
2024-10-15 04:15	-0.09	-0.08	-0.39	-0.08	-0.39
2024-10-15 04:30	-0.09	-0.11	-0.39	-0.1	-0.39
2024-10-15 04:45	-0.12	-0.11	-0.39	-0.12	-0.39
2024-10-15 05:00	-0.14	-0.13	-0.39	-0.12	-0.39
2024-10-15 05:15	-0.14	-0.16	-0.39	-0.14	-0.39
2024-10-15 05:30	-0.16	-0.16	-0.39	-0.16	-0.39
2024-10-15 05:45	-0.18	-0.18	-0.39	-0.16	-0.39
2024-10-15 06:00	-0.18	-0.21	-0.39	-0.18	-0.39
2024-10-15 06:15	-0.2	-0.21	-0.39	-0.2	-0.39
2024-10-15 06:30	-0.23	-0.21	-0.39	-0.22	-0.39
2024-10-15 06:45	-0.23	-0.23	-0.39	-0.25	-0.39
2024-10-15 07:00	-0.23	-0.25	-0.39	-0.25	-0.39
2024-10-15 07:15	-0.23	-0.28	-0.39	-0.27	-0.39
2024-10-15 07:30	-0.23	-0.3	-0.39	-0.29	-0.39
2024-10-15 07:45	-0.23	-0.33	-0.39	-0.29	-0.39
2024-10-15 08:00	-0.23	-0.3	-0.42	-0.29	-0.37
2024-10-15 08:15	-0.23	-0.27	-0.44	-0.29	-0.34
2024-10-15 08:30	-0.23	-0.25	-0.47	-0.29	-0.32
2024-10-15 08:45	-0.23	-0.22	-0.49	-0.27	-0.29
2024-10-15 09:00	-0.23	-0.25	-0.49	-0.25	-0.31
2024-10-15 09:15	-0.2	-0.22	-0.51	-0.23	-0.33
2024-10-15 09:30	-0.17	-0.2	-0.54	-0.2	-0.36
2024-10-15 09:45	-0.13	-0.17	-0.56	-0.18	-0.38
2024-10-15 10:00	-0.1	-0.2	-0.56	-0.16	-0.4
2024-10-15 10:15	-0.07	-0.22	-0.56	-0.14	-0.42
2024-10-15 10:30	-0.04	-0.24	-0.53	-0.12	-0.44
2024-10-15 10:45	-0.01	-0.27	-0.49	-0.1	-0.41
2024-10-15 11:00	0.02	-0.29	-0.51	-0.08	-0.39
2024-10-15 11:15	0.05	-0.32	-0.54	-0.05	-0.36
2024-10-15 11:30	0.08	-0.34	-0.54	-0.03	-0.39
2024-10-15 11:45	0.11	-0.36	-0.54	-0.01	-0.41
2024-10-15 12:00	0.09	-0.39	-0.54	0.01	-0.41
2024-10-15 12:15	0.07	-0.41	-0.54	0.03	-0.41
2024-10-15 12:30	0.05	-0.41	-0.54	0.05	-0.43
2024-10-15 12:45	0.08	-0.44	-0.54	0.08	-0.45
2024-10-15 13:00	0.11	-0.46	-0.54	0.05	-0.45
2024-10-15 13:15	0.14	-0.46	-0.54	0.03	-0.47
2024-10-15 13:30	0.17	-0.48	-0.54	0.01	-0.47
2024-10-15 13:45	0.2	-0.51	-0.54	-0.01	-0.44
2024-10-15 14:00	0.23	-0.53	-0.5	-0.03	-0.42
2024-10-15 14:15	0.26	-0.51	-0.47	-0.01	-0.4
2024-10-15 14:30	0.29	-0.48	-0.43	0.02	-0.37
2024-10-15 14:45	0.33	-0.46	-0.46	0.04	-0.35
2024-10-15 15:00	0.36	-0.43	-0.42	0.06	-0.32
2024-10-15 15:15	0.39	-0.41	-0.39	0.08	-0.3
2024-10-15 15:30	0.42	-0.38	-0.35	0.1	-0.27
2024-10-15 15:45	0.45	-0.35	-0.32	0.12	-0.25
2024-10-15 16:00	0.48	-0.33	-0.28	0.15	-0.22
2024-10-15 16:15	0.51	-0.3	-0.25	0.17	-0.2
2024-10-15 16:30	0.54	-0.28	-0.21	0.19	-0.17
2024-10-15 16:45	0.57	-0.25	-0.18	0.21	-0.19
2024-10-15 17:00	0.55	-0.23	-0.2	0.23	-0.19
2024-10-15 17:15	0.53	-0.2	-0.2	0.25	-0.21
2024-10-15 17:30	0.51	-0.18	-0.23	0.27	-0.21
2024-10-15 17:45	0.54	-0.15	-0.23	0.25	-0.23
2024-10-15 18:00	0.57	-0.13	-0.25	0.23	-0.23
2024-10-15 18:15	0.6	-0.1	-0.27	0.25	-0.26
2024-10-15 18:30	0.63	-0.08	-0.3	0.28	-0.28
2024-10-15 18:45	0.61	-0.05	-0.3	0.3	-0.3
2024-10-15 19:00	0.59	-0.03	-0.32	0.32	-0.3
2024-10-15 19:15	0.56	-0.0	-0.32	0.34	-0.32
2024-10-15 19:30	0.54	0.02	-0.32	0.36	-0.34
2024-10-15 19:45	0.52	0.05	-0.34	0.38	-0.34
2024-10-15 20:00	0.5	0.08	-0.34	0.41	-0.36
2024-10-15 20:15	0.48	0.1	-0.37	0.43	-0.36
2024-10-15 20:30	0.46	0.13	-0.37	0.45	-0.38
2024-10-15 20:45	0.43	0.15	-0.37	0.43	-0.38
2024-10-15 21:00	0.41	0.18	-0.37	0.41	-0.38
2024-10-15 21:15	0.39	0.18	-0.37	0.39	-0.38
2024-10-15 21:30	0.37	0.18	-0.37	0.37	-0.38
2024-10-15 21:45	0.35	0.18	-0.37	0.35	-0.38
2024-10-15 22:00	0.32	0.18	-0.37	0.33	-0.38
2024-10-15 22:15	0.3	0.18	-0.37	0.31	-0.38
2024-10-15 22:30	0.28	0.18	-0.37	0.29	-0.38
2024-10-15 22:45	0.26	0.18	-0.37	0.26	-0.38
2024-10-15 23:00	0.24	0.18	-0.37	0.24	-0.38
2024-10-15 23:15	0.21	0.18	-0.37	0.22	-0.38
2024-10-15 23:30	0.19	0.18	-0.37	0.2	-0.38
2024-10-15 23:45	0.17	0.18	-0.37	0.18	-0.38
2024-10-16 00:00	0.17	0.15	-0.37	0.16	-0.38
